text,gloss
[ASL] Show me Sign 0000,[ASL] SHOW ME SIGN 0000
[ASL] This is Sign 0000,[ASL] THIS SIGN 0000
[ASL] See Sign 0000,[ASL] SEE SIGN 0000
[ASL] This is Sign 0001,[ASL] THIS SIGN 0001
[ASL] Show me Sign 0001,[ASL] SHOW ME SIGN 0001
[ASL] Translate Sign 0001,[ASL] TRANSLATE SIGN 0001
[ASL] This is Sign 0002,[ASL] THIS SIGN 0002
[ASL] Translate Sign 0002,[ASL] TRANSLATE SIGN 0002
[ASL] Repeat Sign 0002,[ASL] REPEAT SIGN 0002
[ASL] What is Sign 0003?,[ASL] WHAT SIGN 0003?
[ASL] See Sign 0003,[ASL] SEE SIGN 0003
[ASL] Learn Sign 0003,[ASL] LEARN SIGN 0003
[ASL] What is Sign 0004?,[ASL] WHAT SIGN 0004?
[ASL] Can you sign Sign 0004?,[ASL] CAN YOU SIGN SIGN 0004?
[ASL] Repeat Sign 0004,[ASL] REPEAT SIGN 0004
[ASL] I like Sign 0005,[ASL] I LIKE SIGN 0005
[ASL] See Sign 0005,[ASL] SEE SIGN 0005
[ASL] Translate Sign 0006,[ASL] TRANSLATE SIGN 0006
[ASL] Show me Sign 0006,[ASL] SHOW ME SIGN 0006
[ASL] Wait for Sign 0007,[ASL] WAIT FOR SIGN 0007
[ASL] Can you sign Sign 0007?,[ASL] CAN YOU SIGN SIGN 0007?
[ASL] See Sign 0007,[ASL] SEE SIGN 0007
[ASL] Wait for Sign 0008,[ASL] WAIT FOR SIGN 0008
[ASL] This is Sign 0008,[ASL] THIS SIGN 0008
[ASL] Translate Sign 0009,[ASL] TRANSLATE SIGN 0009
[ASL] Repeat Sign 0009,[ASL] REPEAT SIGN 0009
[ASL] Can you sign Sign 0009?,[ASL] CAN YOU SIGN SIGN 0009?
[ASL] Show me Sign 0010,[ASL] SHOW ME SIGN 0010
[ASL] Learn Sign 0010,[ASL] LEARN SIGN 0010
[ASL] Repeat Sign 0010,[ASL] REPEAT SIGN 0010
[ASL] See Sign 0011,[ASL] SEE SIGN 0011
[ASL] Can you sign Sign 0011?,[ASL] CAN YOU SIGN SIGN 0011?
[ASL] Learn Sign 0011,[ASL] LEARN SIGN 0011
[ASL] What is Sign 0012?,[ASL] WHAT SIGN 0012?
[ASL] Can you sign Sign 0012?,[ASL] CAN YOU SIGN SIGN 0012?
[ASL] Translate Sign 0013,[ASL] TRANSLATE SIGN 0013
[ASL] Learn Sign 0013,[ASL] LEARN SIGN 0013
[ASL] What is Sign 0013?,[ASL] WHAT SIGN 0013?
[ASL] Repeat Sign 0014,[ASL] REPEAT SIGN 0014
[ASL] Show me Sign 0014,[ASL] SHOW ME SIGN 0014
[ASL] Learn Sign 0014,[ASL] LEARN SIGN 0014
[ASL] Repeat Sign 0015,[ASL] REPEAT SIGN 0015
[ASL] Show me Sign 0015,[ASL] SHOW ME SIGN 0015
[ASL] See Sign 0015,[ASL] SEE SIGN 0015
[ASL] Repeat Sign 0016,[ASL] REPEAT SIGN 0016
[ASL] This is Sign 0016,[ASL] THIS SIGN 0016
[ASL] See Sign 0016,[ASL] SEE SIGN 0016
[ASL] What is Sign 0017?,[ASL] WHAT SIGN 0017?
[ASL] Can you sign Sign 0017?,[ASL] CAN YOU SIGN SIGN 0017?
[ASL] Repeat Sign 0017,[ASL] REPEAT SIGN 0017
[ASL] Repeat Sign 0018,[ASL] REPEAT SIGN 0018
[ASL] What is Sign 0018?,[ASL] WHAT SIGN 0018?
[ASL] See Sign 0018,[ASL] SEE SIGN 0018
[ASL] Learn Sign 0019,[ASL] LEARN SIGN 0019
[ASL] See Sign 0019,[ASL] SEE SIGN 0019
[ASL] This is Sign 0020,[ASL] THIS SIGN 0020
[ASL] I like Sign 0020,[ASL] I LIKE SIGN 0020
[ASL] Learn Sign 0020,[ASL] LEARN SIGN 0020
[ASL] What is Sign 0021?,[ASL] WHAT SIGN 0021?
[ASL] This is Sign 0021,[ASL] THIS SIGN 0021
[ASL] I like Sign 0022,[ASL] I LIKE SIGN 0022
[ASL] Learn Sign 0022,[ASL] LEARN SIGN 0022
[ASL] Repeat Sign 0023,[ASL] REPEAT SIGN 0023
[ASL] This is Sign 0023,[ASL] THIS SIGN 0023
[ASL] See Sign 0024,[ASL] SEE SIGN 0024
[ASL] Can you sign Sign 0024?,[ASL] CAN YOU SIGN SIGN 0024?
[ASL] See Sign 0025,[ASL] SEE SIGN 0025
[ASL] Can you sign Sign 0025?,[ASL] CAN YOU SIGN SIGN 0025?
[ASL] Show me Sign 0025,[ASL] SHOW ME SIGN 0025
[ASL] See Sign 0026,[ASL] SEE SIGN 0026
[ASL] Repeat Sign 0026,[ASL] REPEAT SIGN 0026
[ASL] What is Sign 0026?,[ASL] WHAT SIGN 0026?
[ASL] I like Sign 0027,[ASL] I LIKE SIGN 0027
[ASL] Repeat Sign 0027,[ASL] REPEAT SIGN 0027
[ASL] Can you sign Sign 0027?,[ASL] CAN YOU SIGN SIGN 0027?
[ASL] This is Sign 0028,[ASL] THIS SIGN 0028
[ASL] Show me Sign 0028,[ASL] SHOW ME SIGN 0028
[ASL] I like Sign 0028,[ASL] I LIKE SIGN 0028
[ASL] See Sign 0029,[ASL] SEE SIGN 0029
[ASL] Repeat Sign 0029,[ASL] REPEAT SIGN 0029
[ASL] Learn Sign 0029,[ASL] LEARN SIGN 0029
[ASL] Can you sign Sign 0030?,[ASL] CAN YOU SIGN SIGN 0030?
[ASL] Learn Sign 0030,[ASL] LEARN SIGN 0030
[ASL] This is Sign 0031,[ASL] THIS SIGN 0031
[ASL] Repeat Sign 0031,[ASL] REPEAT SIGN 0031
[ASL] See Sign 0031,[ASL] SEE SIGN 0031
[ASL] Show me Sign 0032,[ASL] SHOW ME SIGN 0032
[ASL] See Sign 0032,[ASL] SEE SIGN 0032
[ASL] What is Sign 0032?,[ASL] WHAT SIGN 0032?
[ASL] Wait for Sign 0033,[ASL] WAIT FOR SIGN 0033
[ASL] I like Sign 0033,[ASL] I LIKE SIGN 0033
[ASL] Translate Sign 0034,[ASL] TRANSLATE SIGN 0034
[ASL] I like Sign 0034,[ASL] I LIKE SIGN 0034
[ASL] See Sign 0034,[ASL] SEE SIGN 0034
[ASL] I like Sign 0035,[ASL] I LIKE SIGN 0035
[ASL] This is Sign 0035,[ASL] THIS SIGN 0035
[ASL] Can you sign Sign 0035?,[ASL] CAN YOU SIGN SIGN 0035?
[ASL] Wait for Sign 0036,[ASL] WAIT FOR SIGN 0036
[ASL] What is Sign 0036?,[ASL] WHAT SIGN 0036?
[ASL] Show me Sign 0036,[ASL] SHOW ME SIGN 0036
[ASL] Wait for Sign 0037,[ASL] WAIT FOR SIGN 0037
[ASL] Translate Sign 0037,[ASL] TRANSLATE SIGN 0037
[ASL] What is Sign 0037?,[ASL] WHAT SIGN 0037?
[ASL] Can you sign Sign 0038?,[ASL] CAN YOU SIGN SIGN 0038?
[ASL] What is Sign 0038?,[ASL] WHAT SIGN 0038?
[ASL] This is Sign 0038,[ASL] THIS SIGN 0038
[ASL] Learn Sign 0039,[ASL] LEARN SIGN 0039
[ASL] Can you sign Sign 0039?,[ASL] CAN YOU SIGN SIGN 0039?
[ASL] Translate Sign 0040,[ASL] TRANSLATE SIGN 0040
[ASL] I like Sign 0040,[ASL] I LIKE SIGN 0040
[ASL] Learn Sign 0040,[ASL] LEARN SIGN 0040
[ASL] Repeat Sign 0041,[ASL] REPEAT SIGN 0041
[ASL] Can you sign Sign 0041?,[ASL] CAN YOU SIGN SIGN 0041?
[ASL] Show me Sign 0041,[ASL] SHOW ME SIGN 0041
[ASL] Translate Sign 0042,[ASL] TRANSLATE SIGN 0042
[ASL] Can you sign Sign 0042?,[ASL] CAN YOU SIGN SIGN 0042?
[ASL] Translate Sign 0043,[ASL] TRANSLATE SIGN 0043
[ASL] This is Sign 0043,[ASL] THIS SIGN 0043
[ASL] Show me Sign 0043,[ASL] SHOW ME SIGN 0043
[ASL] Learn Sign 0044,[ASL] LEARN SIGN 0044
[ASL] Wait for Sign 0044,[ASL] WAIT FOR SIGN 0044
[ASL] What is Sign 0044?,[ASL] WHAT SIGN 0044?
[ASL] Show me Sign 0045,[ASL] SHOW ME SIGN 0045
[ASL] This is Sign 0045,[ASL] THIS SIGN 0045
[ASL] Translate Sign 0045,[ASL] TRANSLATE SIGN 0045
[ASL] Show me Sign 0046,[ASL] SHOW ME SIGN 0046
[ASL] See Sign 0046,[ASL] SEE SIGN 0046
[ASL] I like Sign 0046,[ASL] I LIKE SIGN 0046
[ASL] This is Sign 0047,[ASL] THIS SIGN 0047
[ASL] Translate Sign 0047,[ASL] TRANSLATE SIGN 0047
[ASL] See Sign 0047,[ASL] SEE SIGN 0047
[ASL] Repeat Sign 0048,[ASL] REPEAT SIGN 0048
[ASL] What is Sign 0048?,[ASL] WHAT SIGN 0048?
[ASL] Translate Sign 0048,[ASL] TRANSLATE SIGN 0048
[ASL] Can you sign Sign 0049?,[ASL] CAN YOU SIGN SIGN 0049?
[ASL] Repeat Sign 0049,[ASL] REPEAT SIGN 0049
[ASL] This is Sign 0049,[ASL] THIS SIGN 0049
[ASL] This is Sign 0050,[ASL] THIS SIGN 0050
[ASL] Wait for Sign 0050,[ASL] WAIT FOR SIGN 0050
[ASL] Show me Sign 0050,[ASL] SHOW ME SIGN 0050
[ASL] This is Sign 0051,[ASL] THIS SIGN 0051
[ASL] Can you sign Sign 0051?,[ASL] CAN YOU SIGN SIGN 0051?
[ASL] Learn Sign 0051,[ASL] LEARN SIGN 0051
[ASL] Repeat Sign 0052,[ASL] REPEAT SIGN 0052
[ASL] This is Sign 0052,[ASL] THIS SIGN 0052
[ASL] Translate Sign 0052,[ASL] TRANSLATE SIGN 0052
[ASL] I like Sign 0053,[ASL] I LIKE SIGN 0053
[ASL] What is Sign 0053?,[ASL] WHAT SIGN 0053?
[ASL] Wait for Sign 0053,[ASL] WAIT FOR SIGN 0053
[ASL] Translate Sign 0054,[ASL] TRANSLATE SIGN 0054
[ASL] I like Sign 0054,[ASL] I LIKE SIGN 0054
[ASL] Wait for Sign 0054,[ASL] WAIT FOR SIGN 0054
[ASL] See Sign 0055,[ASL] SEE SIGN 0055
[ASL] Repeat Sign 0055,[ASL] REPEAT SIGN 0055
[ASL] Can you sign Sign 0056?,[ASL] CAN YOU SIGN SIGN 0056?
[ASL] Learn Sign 0056,[ASL] LEARN SIGN 0056
[ASL] Wait for Sign 0056,[ASL] WAIT FOR SIGN 0056
[ASL] Can you sign Sign 0057?,[ASL] CAN YOU SIGN SIGN 0057?
[ASL] Repeat Sign 0057,[ASL] REPEAT SIGN 0057
[ASL] Show me Sign 0057,[ASL] SHOW ME SIGN 0057
[ASL] Wait for Sign 0058,[ASL] WAIT FOR SIGN 0058
[ASL] Show me Sign 0058,[ASL] SHOW ME SIGN 0058
[ASL] What is Sign 0059?,[ASL] WHAT SIGN 0059?
[ASL] This is Sign 0059,[ASL] THIS SIGN 0059
[ASL] See Sign 0059,[ASL] SEE SIGN 0059
[ASL] What is Sign 0060?,[ASL] WHAT SIGN 0060?
[ASL] See Sign 0060,[ASL] SEE SIGN 0060
[ASL] Learn Sign 0060,[ASL] LEARN SIGN 0060
[ASL] Wait for Sign 0061,[ASL] WAIT FOR SIGN 0061
[ASL] See Sign 0061,[ASL] SEE SIGN 0061
[ASL] I like Sign 0062,[ASL] I LIKE SIGN 0062
[ASL] Wait for Sign 0062,[ASL] WAIT FOR SIGN 0062
[ASL] Learn Sign 0063,[ASL] LEARN SIGN 0063
[ASL] Repeat Sign 0064,[ASL] REPEAT SIGN 0064
[ASL] See Sign 0064,[ASL] SEE SIGN 0064
[ASL] Translate Sign 0065,[ASL] TRANSLATE SIGN 0065
[ASL] Learn Sign 0065,[ASL] LEARN SIGN 0065
[ASL] Learn Sign 0066,[ASL] LEARN SIGN 0066
[ASL] Repeat Sign 0066,[ASL] REPEAT SIGN 0066
[ASL] This is Sign 0066,[ASL] THIS SIGN 0066
[ASL] Show me Sign 0067,[ASL] SHOW ME SIGN 0067
[ASL] Can you sign Sign 0067?,[ASL] CAN YOU SIGN SIGN 0067?
[ASL] What is Sign 0067?,[ASL] WHAT SIGN 0067?
[ASL] I like Sign 0068,[ASL] I LIKE SIGN 0068
[ASL] Translate Sign 0068,[ASL] TRANSLATE SIGN 0068
[ASL] Can you sign Sign 0068?,[ASL] CAN YOU SIGN SIGN 0068?
[ASL] See Sign 0069,[ASL] SEE SIGN 0069
[ASL] Show me Sign 0069,[ASL] SHOW ME SIGN 0069
[ASL] Learn Sign 0069,[ASL] LEARN SIGN 0069
[ASL] Repeat Sign 0070,[ASL] REPEAT SIGN 0070
[ASL] I like Sign 0070,[ASL] I LIKE SIGN 0070
[ASL] Can you sign Sign 0070?,[ASL] CAN YOU SIGN SIGN 0070?
[ASL] Can you sign Sign 0071?,[ASL] CAN YOU SIGN SIGN 0071?
[ASL] What is Sign 0071?,[ASL] WHAT SIGN 0071?
[ASL] I like Sign 0071,[ASL] I LIKE SIGN 0071
[ASL] I like Sign 0072,[ASL] I LIKE SIGN 0072
[ASL] See Sign 0072,[ASL] SEE SIGN 0072
[ASL] Learn Sign 0072,[ASL] LEARN SIGN 0072
[ASL] I like Sign 0073,[ASL] I LIKE SIGN 0073
[ASL] What is Sign 0073?,[ASL] WHAT SIGN 0073?
[ASL] Wait for Sign 0073,[ASL] WAIT FOR SIGN 0073
[ASL] Can you sign Sign 0074?,[ASL] CAN YOU SIGN SIGN 0074?
[ASL] Repeat Sign 0074,[ASL] REPEAT SIGN 0074
[ASL] Show me Sign 0074,[ASL] SHOW ME SIGN 0074
[ASL] See Sign 0075,[ASL] SEE SIGN 0075
[ASL] Repeat Sign 0075,[ASL] REPEAT SIGN 0075
[ASL] What is Sign 0075?,[ASL] WHAT SIGN 0075?
[ASL] Translate Sign 0076,[ASL] TRANSLATE SIGN 0076
[ASL] Wait for Sign 0076,[ASL] WAIT FOR SIGN 0076
[ASL] This is Sign 0076,[ASL] THIS SIGN 0076
[ASL] Learn Sign 0077,[ASL] LEARN SIGN 0077
[ASL] Wait for Sign 0077,[ASL] WAIT FOR SIGN 0077
[ASL] Show me Sign 0077,[ASL] SHOW ME SIGN 0077
[ASL] Translate Sign 0078,[ASL] TRANSLATE SIGN 0078
[ASL] This is Sign 0078,[ASL] THIS SIGN 0078
[ASL] This is Sign 0079,[ASL] THIS SIGN 0079
[ASL] I like Sign 0079,[ASL] I LIKE SIGN 0079
[ASL] Translate Sign 0079,[ASL] TRANSLATE SIGN 0079
[ASL] Wait for Sign 0080,[ASL] WAIT FOR SIGN 0080
[ASL] See Sign 0080,[ASL] SEE SIGN 0080
[ASL] Can you sign Sign 0080?,[ASL] CAN YOU SIGN SIGN 0080?
[ASL] What is Sign 0081?,[ASL] WHAT SIGN 0081?
[ASL] See Sign 0081,[ASL] SEE SIGN 0081
[ASL] Translate Sign 0081,[ASL] TRANSLATE SIGN 0081
[ASL] Wait for Sign 0082,[ASL] WAIT FOR SIGN 0082
[ASL] This is Sign 0082,[ASL] THIS SIGN 0082
[ASL] What is Sign 0083?,[ASL] WHAT SIGN 0083?
[ASL] Translate Sign 0083,[ASL] TRANSLATE SIGN 0083
[ASL] See Sign 0084,[ASL] SEE SIGN 0084
[ASL] I like Sign 0084,[ASL] I LIKE SIGN 0084
[ASL] Show me Sign 0084,[ASL] SHOW ME SIGN 0084
[ASL] Translate Sign 0085,[ASL] TRANSLATE SIGN 0085
[ASL] See Sign 0085,[ASL] SEE SIGN 0085
[ASL] Can you sign Sign 0085?,[ASL] CAN YOU SIGN SIGN 0085?
[ASL] Show me Sign 0086,[ASL] SHOW ME SIGN 0086
[ASL] Wait for Sign 0086,[ASL] WAIT FOR SIGN 0086
[ASL] Translate Sign 0086,[ASL] TRANSLATE SIGN 0086
[ASL] What is Sign 0087?,[ASL] WHAT SIGN 0087?
[ASL] Learn Sign 0087,[ASL] LEARN SIGN 0087
[ASL] Show me Sign 0087,[ASL] SHOW ME SIGN 0087
[ASL] Show me Sign 0088,[ASL] SHOW ME SIGN 0088
[ASL] Wait for Sign 0088,[ASL] WAIT FOR SIGN 0088
[ASL] I like Sign 0088,[ASL] I LIKE SIGN 0088
[ASL] Can you sign Sign 0089?,[ASL] CAN YOU SIGN SIGN 0089?
[ASL] See Sign 0089,[ASL] SEE SIGN 0089
[ASL] Repeat Sign 0089,[ASL] REPEAT SIGN 0089
[ASL] See Sign 0090,[ASL] SEE SIGN 0090
[ASL] This is Sign 0090,[ASL] THIS SIGN 0090
[ASL] Translate Sign 0090,[ASL] TRANSLATE SIGN 0090
[ASL] Learn Sign 0091,[ASL] LEARN SIGN 0091
[ASL] Translate Sign 0091,[ASL] TRANSLATE SIGN 0091
[ASL] Show me Sign 0091,[ASL] SHOW ME SIGN 0091
[ASL] What is Sign 0092?,[ASL] WHAT SIGN 0092?
[ASL] Repeat Sign 0092,[ASL] REPEAT SIGN 0092
[ASL] Show me Sign 0093,[ASL] SHOW ME SIGN 0093
[ASL] I like Sign 0093,[ASL] I LIKE SIGN 0093
[ASL] Learn Sign 0093,[ASL] LEARN SIGN 0093
[ASL] Can you sign Sign 0094?,[ASL] CAN YOU SIGN SIGN 0094?
[ASL] Show me Sign 0094,[ASL] SHOW ME SIGN 0094
[ASL] What is Sign 0094?,[ASL] WHAT SIGN 0094?
[ASL] Wait for Sign 0095,[ASL] WAIT FOR SIGN 0095
[ASL] Repeat Sign 0095,[ASL] REPEAT SIGN 0095
[ASL] Can you sign Sign 0095?,[ASL] CAN YOU SIGN SIGN 0095?
[ASL] Repeat Sign 0096,[ASL] REPEAT SIGN 0096
[ASL] Learn Sign 0096,[ASL] LEARN SIGN 0096
[ASL] Show me Sign 0096,[ASL] SHOW ME SIGN 0096
[ASL] What is Sign 0097?,[ASL] WHAT SIGN 0097?
[ASL] Can you sign Sign 0097?,[ASL] CAN YOU SIGN SIGN 0097?
[ASL] See Sign 0097,[ASL] SEE SIGN 0097
[ASL] What is Sign 0098?,[ASL] WHAT SIGN 0098?
[ASL] Learn Sign 0098,[ASL] LEARN SIGN 0098
[ASL] I like Sign 0099,[ASL] I LIKE SIGN 0099
[ASL] What is Sign 0099?,[ASL] WHAT SIGN 0099?
[ASL] Can you sign Sign 0099?,[ASL] CAN YOU SIGN SIGN 0099?
[ASL] I like Sign 0000,[ASL] I LIKE SIGN 0000
[ASL] Can you sign Sign 0000?,[ASL] CAN YOU SIGN SIGN 0000?
[ASL] Can you sign Sign 0001?,[ASL] CAN YOU SIGN SIGN 0001?
[ASL] Wait for Sign 0002,[ASL] WAIT FOR SIGN 0002
[ASL] Learn Sign 0002,[ASL] LEARN SIGN 0002
[ASL] Show me Sign 0003,[ASL] SHOW ME SIGN 0003
[ASL] This is Sign 0004,[ASL] THIS SIGN 0004
[ASL] Learn Sign 0004,[ASL] LEARN SIGN 0004
[ASL] Repeat Sign 0006,[ASL] REPEAT SIGN 0006
[ASL] What is Sign 0006?,[ASL] WHAT SIGN 0006?
[ASL] Repeat Sign 0007,[ASL] REPEAT SIGN 0007
[ASL] What is Sign 0007?,[ASL] WHAT SIGN 0007?
[ASL] Translate Sign 0008,[ASL] TRANSLATE SIGN 0008
[ASL] Learn Sign 0008,[ASL] LEARN SIGN 0008
[ASL] Repeat Sign 0008,[ASL] REPEAT SIGN 0008
[ASL] What is Sign 0009?,[ASL] WHAT SIGN 0009?
[ASL] Wait for Sign 0009,[ASL] WAIT FOR SIGN 0009
[ASL] Wait for Sign 0010,[ASL] WAIT FOR SIGN 0010
[ASL] Can you sign Sign 0010?,[ASL] CAN YOU SIGN SIGN 0010?
[ASL] This is Sign 0010,[ASL] THIS SIGN 0010
[ASL] This is Sign 0011,[ASL] THIS SIGN 0011
[ASL] Repeat Sign 0012,[ASL] REPEAT SIGN 0012
[ASL] I like Sign 0012,[ASL] I LIKE SIGN 0012
[ASL] This is Sign 0012,[ASL] THIS SIGN 0012
[ASL] See Sign 0013,[ASL] SEE SIGN 0013
[ASL] This is Sign 0013,[ASL] THIS SIGN 0013
[ASL] Translate Sign 0014,[ASL] TRANSLATE SIGN 0014
[ASL] This is Sign 0014,[ASL] THIS SIGN 0014
[ASL] Wait for Sign 0015,[ASL] WAIT FOR SIGN 0015
[ASL] I like Sign 0015,[ASL] I LIKE SIGN 0015
[ASL] See Sign 0017,[ASL] SEE SIGN 0017
[ASL] Show me Sign 0018,[ASL] SHOW ME SIGN 0018
[ASL] This is Sign 0019,[ASL] THIS SIGN 0019
[ASL] I like Sign 0019,[ASL] I LIKE SIGN 0019
[ASL] Repeat Sign 0019,[ASL] REPEAT SIGN 0019
[ASL] See Sign 0020,[ASL] SEE SIGN 0020
[ASL] Learn Sign 0021,[ASL] LEARN SIGN 0021
[ASL] See Sign 0022,[ASL] SEE SIGN 0022
[ASL] Translate Sign 0022,[ASL] TRANSLATE SIGN 0022
[ASL] What is Sign 0023?,[ASL] WHAT SIGN 0023?
[ASL] Translate Sign 0023,[ASL] TRANSLATE SIGN 0023
[ASL] Can you sign Sign 0023?,[ASL] CAN YOU SIGN SIGN 0023?
[ASL] Translate Sign 0024,[ASL] TRANSLATE SIGN 0024
[ASL] Learn Sign 0024,[ASL] LEARN SIGN 0024
[ASL] Show me Sign 0024,[ASL] SHOW ME SIGN 0024
[ASL] Repeat Sign 0025,[ASL] REPEAT SIGN 0025
[ASL] Learn Sign 0026,[ASL] LEARN SIGN 0026
[ASL] See Sign 0027,[ASL] SEE SIGN 0027
[ASL] Show me Sign 0027,[ASL] SHOW ME SIGN 0027
[ASL] Repeat Sign 0028,[ASL] REPEAT SIGN 0028
[ASL] Translate Sign 0029,[ASL] TRANSLATE SIGN 0029
[ASL] Wait for Sign 0030,[ASL] WAIT FOR SIGN 0030
[ASL] I like Sign 0031,[ASL] I LIKE SIGN 0031
[ASL] This is Sign 0032,[ASL] THIS SIGN 0032
[ASL] Translate Sign 0033,[ASL] TRANSLATE SIGN 0033
[ASL] Wait for Sign 0034,[ASL] WAIT FOR SIGN 0034
[ASL] What is Sign 0034?,[ASL] WHAT SIGN 0034?
[ASL] This is Sign 0034,[ASL] THIS SIGN 0034
[ASL] See Sign 0035,[ASL] SEE SIGN 0035
[ASL] See Sign 0036,[ASL] SEE SIGN 0036
[ASL] Learn Sign 0036,[ASL] LEARN SIGN 0036
[ASL] Repeat Sign 0037,[ASL] REPEAT SIGN 0037
[ASL] This is Sign 0037,[ASL] THIS SIGN 0037
[ASL] See Sign 0038,[ASL] SEE SIGN 0038
[ASL] Repeat Sign 0038,[ASL] REPEAT SIGN 0038
[ASL] Repeat Sign 0039,[ASL] REPEAT SIGN 0039
[ASL] See Sign 0040,[ASL] SEE SIGN 0040
[ASL] What is Sign 0040?,[ASL] WHAT SIGN 0040?
[ASL] Wait for Sign 0041,[ASL] WAIT FOR SIGN 0041
[ASL] Learn Sign 0042,[ASL] LEARN SIGN 0042
[ASL] Repeat Sign 0042,[ASL] REPEAT SIGN 0042
[ASL] See Sign 0043,[ASL] SEE SIGN 0043
[ASL] Wait for Sign 0043,[ASL] WAIT FOR SIGN 0043
[ASL] Repeat Sign 0043,[ASL] REPEAT SIGN 0043
[ASL] Repeat Sign 0044,[ASL] REPEAT SIGN 0044
[ASL] Translate Sign 0044,[ASL] TRANSLATE SIGN 0044
[ASL] Show me Sign 0044,[ASL] SHOW ME SIGN 0044
[ASL] I like Sign 0045,[ASL] I LIKE SIGN 0045
[ASL] What is Sign 0045?,[ASL] WHAT SIGN 0045?
[ASL] This is Sign 0046,[ASL] THIS SIGN 0046
[ASL] What is Sign 0047?,[ASL] WHAT SIGN 0047?
[ASL] Learn Sign 0048,[ASL] LEARN SIGN 0048
[ASL] This is Sign 0048,[ASL] THIS SIGN 0048
[ASL] Translate Sign 0049,[ASL] TRANSLATE SIGN 0049
[ASL] What is Sign 0049?,[ASL] WHAT SIGN 0049?
[ASL] What is Sign 0050?,[ASL] WHAT SIGN 0050?
[ASL] Can you sign Sign 0050?,[ASL] CAN YOU SIGN SIGN 0050?
[ASL] See Sign 0051,[ASL] SEE SIGN 0051
[ASL] Wait for Sign 0051,[ASL] WAIT FOR SIGN 0051
[ASL] Show me Sign 0052,[ASL] SHOW ME SIGN 0052
[ASL] Wait for Sign 0052,[ASL] WAIT FOR SIGN 0052
[ASL] Can you sign Sign 0053?,[ASL] CAN YOU SIGN SIGN 0053?
[ASL] Translate Sign 0053,[ASL] TRANSLATE SIGN 0053
[ASL] See Sign 0054,[ASL] SEE SIGN 0054
[ASL] Learn Sign 0054,[ASL] LEARN SIGN 0054
[ASL] I like Sign 0057,[ASL] I LIKE SIGN 0057
[ASL] Wait for Sign 0057,[ASL] WAIT FOR SIGN 0057
[ASL] Repeat Sign 0058,[ASL] REPEAT SIGN 0058
[ASL] I like Sign 0059,[ASL] I LIKE SIGN 0059
[ASL] Translate Sign 0059,[ASL] TRANSLATE SIGN 0059
[ASL] Show me Sign 0060,[ASL] SHOW ME SIGN 0060
[ASL] Can you sign Sign 0060?,[ASL] CAN YOU SIGN SIGN 0060?
[ASL] I like Sign 0060,[ASL] I LIKE SIGN 0060
[ASL] Translate Sign 0061,[ASL] TRANSLATE SIGN 0061
[ASL] Repeat Sign 0062,[ASL] REPEAT SIGN 0062
[ASL] Translate Sign 0063,[ASL] TRANSLATE SIGN 0063
[ASL] See Sign 0063,[ASL] SEE SIGN 0063
[ASL] Wait for Sign 0064,[ASL] WAIT FOR SIGN 0064
[ASL] Can you sign Sign 0064?,[ASL] CAN YOU SIGN SIGN 0064?
[ASL] Show me Sign 0064,[ASL] SHOW ME SIGN 0064
[ASL] Show me Sign 0065,[ASL] SHOW ME SIGN 0065
[ASL] Can you sign Sign 0065?,[ASL] CAN YOU SIGN SIGN 0065?
[ASL] Wait for Sign 0066,[ASL] WAIT FOR SIGN 0066
[ASL] Can you sign Sign 0066?,[ASL] CAN YOU SIGN SIGN 0066?
[ASL] Translate Sign 0067,[ASL] TRANSLATE SIGN 0067
[ASL] Repeat Sign 0067,[ASL] REPEAT SIGN 0067
[ASL] Repeat Sign 0068,[ASL] REPEAT SIGN 0068
[ASL] Show me Sign 0068,[ASL] SHOW ME SIGN 0068
[ASL] Can you sign Sign 0069?,[ASL] CAN YOU SIGN SIGN 0069?
[ASL] Repeat Sign 0069,[ASL] REPEAT SIGN 0069
[ASL] Wait for Sign 0069,[ASL] WAIT FOR SIGN 0069
[ASL] Show me Sign 0070,[ASL] SHOW ME SIGN 0070
[ASL] Wait for Sign 0070,[ASL] WAIT FOR SIGN 0070
[ASL] Show me Sign 0071,[ASL] SHOW ME SIGN 0071
[ASL] What is Sign 0072?,[ASL] WHAT SIGN 0072?
[ASL] Show me Sign 0072,[ASL] SHOW ME SIGN 0072
[ASL] This is Sign 0073,[ASL] THIS SIGN 0073
[ASL] Can you sign Sign 0073?,[ASL] CAN YOU SIGN SIGN 0073?
[ASL] Wait for Sign 0074,[ASL] WAIT FOR SIGN 0074
[ASL] I like Sign 0074,[ASL] I LIKE SIGN 0074
[ASL] This is Sign 0075,[ASL] THIS SIGN 0075
[ASL] Can you sign Sign 0075?,[ASL] CAN YOU SIGN SIGN 0075?
[ASL] Learn Sign 0075,[ASL] LEARN SIGN 0075
[ASL] Learn Sign 0076,[ASL] LEARN SIGN 0076
[ASL] Can you sign Sign 0076?,[ASL] CAN YOU SIGN SIGN 0076?
[ASL] See Sign 0077,[ASL] SEE SIGN 0077
[ASL] Translate Sign 0077,[ASL] TRANSLATE SIGN 0077
[ASL] Repeat Sign 0077,[ASL] REPEAT SIGN 0077
[ASL] Repeat Sign 0078,[ASL] REPEAT SIGN 0078
[ASL] Show me Sign 0078,[ASL] SHOW ME SIGN 0078
[ASL] What is Sign 0079?,[ASL] WHAT SIGN 0079?
[ASL] Repeat Sign 0079,[ASL] REPEAT SIGN 0079
[ASL] Can you sign Sign 0079?,[ASL] CAN YOU SIGN SIGN 0079?
[ASL] Show me Sign 0080,[ASL] SHOW ME SIGN 0080
[ASL] Wait for Sign 0081,[ASL] WAIT FOR SIGN 0081
[ASL] Can you sign Sign 0081?,[ASL] CAN YOU SIGN SIGN 0081?
[ASL] See Sign 0082,[ASL] SEE SIGN 0082
[ASL] I like Sign 0082,[ASL] I LIKE SIGN 0082
[ASL] Show me Sign 0083,[ASL] SHOW ME SIGN 0083
[ASL] Can you sign Sign 0083?,[ASL] CAN YOU SIGN SIGN 0083?
[ASL] What is Sign 0084?,[ASL] WHAT SIGN 0084?
[ASL] Wait for Sign 0084,[ASL] WAIT FOR SIGN 0084
[ASL] I like Sign 0085,[ASL] I LIKE SIGN 0085
[ASL] Repeat Sign 0086,[ASL] REPEAT SIGN 0086
[ASL] I like Sign 0086,[ASL] I LIKE SIGN 0086
[ASL] Wait for Sign 0087,[ASL] WAIT FOR SIGN 0087
[ASL] This is Sign 0087,[ASL] THIS SIGN 0087
[ASL] Can you sign Sign 0087?,[ASL] CAN YOU SIGN SIGN 0087?
[ASL] Translate Sign 0088,[ASL] TRANSLATE SIGN 0088
[ASL] See Sign 0088,[ASL] SEE SIGN 0088
[ASL] Show me Sign 0089,[ASL] SHOW ME SIGN 0089
[ASL] Can you sign Sign 0090?,[ASL] CAN YOU SIGN SIGN 0090?
[ASL] Repeat Sign 0091,[ASL] REPEAT SIGN 0091
[ASL] Can you sign Sign 0091?,[ASL] CAN YOU SIGN SIGN 0091?
[ASL] I like Sign 0092,[ASL] I LIKE SIGN 0092
[ASL] See Sign 0093,[ASL] SEE SIGN 0093
[ASL] Translate Sign 0093,[ASL] TRANSLATE SIGN 0093
[ASL] I like Sign 0094,[ASL] I LIKE SIGN 0094
[ASL] Translate Sign 0094,[ASL] TRANSLATE SIGN 0094
[ASL] This is Sign 0095,[ASL] THIS SIGN 0095
[ASL] Translate Sign 0095,[ASL] TRANSLATE SIGN 0095
[ASL] This is Sign 0096,[ASL] THIS SIGN 0096
[ASL] Can you sign Sign 0098?,[ASL] CAN YOU SIGN SIGN 0098?
[ASL] Wait for Sign 0098,[ASL] WAIT FOR SIGN 0098
[ASL] Translate Sign 0098,[ASL] TRANSLATE SIGN 0098
[ASL] Wait for Sign 0099,[ASL] WAIT FOR SIGN 0099
[ASL] What is Sign 0000?,[ASL] WHAT SIGN 0000?
[ASL] Repeat Sign 0000,[ASL] REPEAT SIGN 0000
[ASL] Wait for Sign 0001,[ASL] WAIT FOR SIGN 0001
[ASL] I like Sign 0001,[ASL] I LIKE SIGN 0001
[ASL] See Sign 0002,[ASL] SEE SIGN 0002
[ASL] Translate Sign 0004,[ASL] TRANSLATE SIGN 0004
[ASL] Show me Sign 0004,[ASL] SHOW ME SIGN 0004
[ASL] See Sign 0004,[ASL] SEE SIGN 0004
[ASL] Show me Sign 0005,[ASL] SHOW ME SIGN 0005
[ASL] Wait for Sign 0005,[ASL] WAIT FOR SIGN 0005
[ASL] Repeat Sign 0005,[ASL] REPEAT SIGN 0005
[ASL] Wait for Sign 0006,[ASL] WAIT FOR SIGN 0006
[ASL] Translate Sign 0007,[ASL] TRANSLATE SIGN 0007
[ASL] What is Sign 0008?,[ASL] WHAT SIGN 0008?
[ASL] This is Sign 0009,[ASL] THIS SIGN 0009
[ASL] I like Sign 0009,[ASL] I LIKE SIGN 0009
[ASL] Wait for Sign 0011,[ASL] WAIT FOR SIGN 0011
[ASL] Learn Sign 0012,[ASL] LEARN SIGN 0012
[ASL] I like Sign 0013,[ASL] I LIKE SIGN 0013
[ASL] Can you sign Sign 0013?,[ASL] CAN YOU SIGN SIGN 0013?
[ASL] What is Sign 0014?,[ASL] WHAT SIGN 0014?
[ASL] This is Sign 0015,[ASL] THIS SIGN 0015
[ASL] Show me Sign 0016,[ASL] SHOW ME SIGN 0016
[ASL] Translate Sign 0017,[ASL] TRANSLATE SIGN 0017
[ASL] Learn Sign 0017,[ASL] LEARN SIGN 0017
[ASL] I like Sign 0018,[ASL] I LIKE SIGN 0018
[ASL] Translate Sign 0018,[ASL] TRANSLATE SIGN 0018
[ASL] Translate Sign 0019,[ASL] TRANSLATE SIGN 0019
[ASL] Repeat Sign 0021,[ASL] REPEAT SIGN 0021
[ASL] Wait for Sign 0021,[ASL] WAIT FOR SIGN 0021
[ASL] What is Sign 0022?,[ASL] WHAT SIGN 0022?
[ASL] This is Sign 0022,[ASL] THIS SIGN 0022
[ASL] See Sign 0023,[ASL] SEE SIGN 0023
[ASL] This is Sign 0024,[ASL] THIS SIGN 0024
[ASL] Learn Sign 0025,[ASL] LEARN SIGN 0025
[ASL] What is Sign 0025?,[ASL] WHAT SIGN 0025?
[ASL] Wait for Sign 0026,[ASL] WAIT FOR SIGN 0026
[ASL] This is Sign 0026,[ASL] THIS SIGN 0026
[ASL] Show me Sign 0026,[ASL] SHOW ME SIGN 0026
[ASL] What is Sign 0027?,[ASL] WHAT SIGN 0027?
[ASL] What is Sign 0029?,[ASL] WHAT SIGN 0029?
[ASL] Wait for Sign 0029,[ASL] WAIT FOR SIGN 0029
[ASL] What is Sign 0031?,[ASL] WHAT SIGN 0031?
[ASL] Learn Sign 0031,[ASL] LEARN SIGN 0031
[ASL] Can you sign Sign 0032?,[ASL] CAN YOU SIGN SIGN 0032?
[ASL] Wait for Sign 0032,[ASL] WAIT FOR SIGN 0032
[ASL] What is Sign 0033?,[ASL] WHAT SIGN 0033?
[ASL] Can you sign Sign 0033?,[ASL] CAN YOU SIGN SIGN 0033?
[ASL] I like Sign 0036,[ASL] I LIKE SIGN 0036
[ASL] Can you sign Sign 0036?,[ASL] CAN YOU SIGN SIGN 0036?
[ASL] Repeat Sign 0036,[ASL] REPEAT SIGN 0036
[ASL] Learn Sign 0037,[ASL] LEARN SIGN 0037
[ASL] Wait for Sign 0038,[ASL] WAIT FOR SIGN 0038
[ASL] I like Sign 0038,[ASL] I LIKE SIGN 0038
[ASL] This is Sign 0040,[ASL] THIS SIGN 0040
[ASL] Can you sign Sign 0040?,[ASL] CAN YOU SIGN SIGN 0040?
[ASL] See Sign 0041,[ASL] SEE SIGN 0041
[ASL] This is Sign 0042,[ASL] THIS SIGN 0042
[ASL] What is Sign 0042?,[ASL] WHAT SIGN 0042?
[ASL] What is Sign 0043?,[ASL] WHAT SIGN 0043?
[ASL] I like Sign 0043,[ASL] I LIKE SIGN 0043
[ASL] Can you sign Sign 0044?,[ASL] CAN YOU SIGN SIGN 0044?
[ASL] Wait for Sign 0045,[ASL] WAIT FOR SIGN 0045
[ASL] See Sign 0045,[ASL] SEE SIGN 0045
[ASL] Translate Sign 0046,[ASL] TRANSLATE SIGN 0046
[ASL] Wait for Sign 0046,[ASL] WAIT FOR SIGN 0046
[ASL] Can you sign Sign 0047?,[ASL] CAN YOU SIGN SIGN 0047?
[ASL] Show me Sign 0047,[ASL] SHOW ME SIGN 0047
[ASL] See Sign 0049,[ASL] SEE SIGN 0049
[ASL] Learn Sign 0050,[ASL] LEARN SIGN 0050
[ASL] Translate Sign 0051,[ASL] TRANSLATE SIGN 0051
[ASL] Learn Sign 0052,[ASL] LEARN SIGN 0052
[ASL] Repeat Sign 0053,[ASL] REPEAT SIGN 0053
[ASL] Show me Sign 0053,[ASL] SHOW ME SIGN 0053
[ASL] Show me Sign 0054,[ASL] SHOW ME SIGN 0054
[ASL] This is Sign 0055,[ASL] THIS SIGN 0055
[ASL] Can you sign Sign 0055?,[ASL] CAN YOU SIGN SIGN 0055?
[ASL] Repeat Sign 0056,[ASL] REPEAT SIGN 0056
[ASL] What is Sign 0056?,[ASL] WHAT SIGN 0056?
[ASL] Learn Sign 0057,[ASL] LEARN SIGN 0057
[ASL] Translate Sign 0057,[ASL] TRANSLATE SIGN 0057
[ASL] See Sign 0057,[ASL] SEE SIGN 0057
[ASL] Can you sign Sign 0059?,[ASL] CAN YOU SIGN SIGN 0059?
[ASL] Repeat Sign 0060,[ASL] REPEAT SIGN 0060
[ASL] What is Sign 0061?,[ASL] WHAT SIGN 0061?
[ASL] This is Sign 0062,[ASL] THIS SIGN 0062
[ASL] What is Sign 0062?,[ASL] WHAT SIGN 0062?
[ASL] Show me Sign 0063,[ASL] SHOW ME SIGN 0063
[ASL] Translate Sign 0064,[ASL] TRANSLATE SIGN 0064
[ASL] Repeat Sign 0065,[ASL] REPEAT SIGN 0065
[ASL] What is Sign 0066?,[ASL] WHAT SIGN 0066?
[ASL] Learn Sign 0067,[ASL] LEARN SIGN 0067
[ASL] See Sign 0068,[ASL] SEE SIGN 0068
[ASL] I like Sign 0069,[ASL] I LIKE SIGN 0069
[ASL] Wait for Sign 0071,[ASL] WAIT FOR SIGN 0071
[ASL] See Sign 0071,[ASL] SEE SIGN 0071
[ASL] This is Sign 0072,[ASL] THIS SIGN 0072
[ASL] Repeat Sign 0073,[ASL] REPEAT SIGN 0073
[ASL] See Sign 0074,[ASL] SEE SIGN 0074
[ASL] I like Sign 0075,[ASL] I LIKE SIGN 0075
[ASL] See Sign 0076,[ASL] SEE SIGN 0076
[ASL] This is Sign 0077,[ASL] THIS SIGN 0077
[ASL] Learn Sign 0078,[ASL] LEARN SIGN 0078
[ASL] See Sign 0079,[ASL] SEE SIGN 0079
[ASL] Repeat Sign 0080,[ASL] REPEAT SIGN 0080
[ASL] I like Sign 0081,[ASL] I LIKE SIGN 0081
[ASL] This is Sign 0081,[ASL] THIS SIGN 0081
[ASL] What is Sign 0082?,[ASL] WHAT SIGN 0082?
[ASL] Repeat Sign 0083,[ASL] REPEAT SIGN 0083
[ASL] Translate Sign 0084,[ASL] TRANSLATE SIGN 0084
[ASL] Can you sign Sign 0086?,[ASL] CAN YOU SIGN SIGN 0086?
[ASL] Repeat Sign 0087,[ASL] REPEAT SIGN 0087
[ASL] What is Sign 0088?,[ASL] WHAT SIGN 0088?
[ASL] Translate Sign 0089,[ASL] TRANSLATE SIGN 0089
[ASL] This is Sign 0091,[ASL] THIS SIGN 0091
[ASL] Wait for Sign 0093,[ASL] WAIT FOR SIGN 0093
[ASL] This is Sign 0093,[ASL] THIS SIGN 0093
[ASL] Repeat Sign 0094,[ASL] REPEAT SIGN 0094
[ASL] I like Sign 0095,[ASL] I LIKE SIGN 0095
[ASL] Can you sign Sign 0096?,[ASL] CAN YOU SIGN SIGN 0096?
[ASL] Wait for Sign 0097,[ASL] WAIT FOR SIGN 0097
[ASL] This is Sign 0098,[ASL] THIS SIGN 0098
[ASL] Repeat Sign 0098,[ASL] REPEAT SIGN 0098
[ASL] Learn Sign 0099,[ASL] LEARN SIGN 0099
[ASL] See Sign 0099,[ASL] SEE SIGN 0099
[ASL] Translate Sign 0000,[ASL] TRANSLATE SIGN 0000
[ASL] Show me Sign 0002,[ASL] SHOW ME SIGN 0002
[ASL] Translate Sign 0003,[ASL] TRANSLATE SIGN 0003
[ASL] Learn Sign 0006,[ASL] LEARN SIGN 0006
[ASL] This is Sign 0007,[ASL] THIS SIGN 0007
[ASL] See Sign 0010,[ASL] SEE SIGN 0010
[ASL] What is Sign 0011?,[ASL] WHAT SIGN 0011?
[ASL] Repeat Sign 0011,[ASL] REPEAT SIGN 0011
[ASL] Translate Sign 0011,[ASL] TRANSLATE SIGN 0011
[ASL] What is Sign 0015?,[ASL] WHAT SIGN 0015?
[ASL] Translate Sign 0015,[ASL] TRANSLATE SIGN 0015
[ASL] Can you sign Sign 0016?,[ASL] CAN YOU SIGN SIGN 0016?
[ASL] Translate Sign 0016,[ASL] TRANSLATE SIGN 0016
[ASL] Wait for Sign 0017,[ASL] WAIT FOR SIGN 0017
[ASL] Wait for Sign 0019,[ASL] WAIT FOR SIGN 0019
[ASL] Show me Sign 0020,[ASL] SHOW ME SIGN 0020
[ASL] See Sign 0021,[ASL] SEE SIGN 0021
[ASL] Can you sign Sign 0021?,[ASL] CAN YOU SIGN SIGN 0021?
[ASL] Repeat Sign 0022,[ASL] REPEAT SIGN 0022
[ASL] Show me Sign 0022,[ASL] SHOW ME SIGN 0022
[ASL] Wait for Sign 0023,[ASL] WAIT FOR SIGN 0023
[ASL] I like Sign 0024,[ASL] I LIKE SIGN 0024
[ASL] This is Sign 0025,[ASL] THIS SIGN 0025
[ASL] Translate Sign 0025,[ASL] TRANSLATE SIGN 0025
[ASL] Wait for Sign 0025,[ASL] WAIT FOR SIGN 0025
[ASL] Translate Sign 0026,[ASL] TRANSLATE SIGN 0026
[ASL] Wait for Sign 0027,[ASL] WAIT FOR SIGN 0027
[ASL] Learn Sign 0027,[ASL] LEARN SIGN 0027
[ASL] See Sign 0028,[ASL] SEE SIGN 0028
[ASL] Can you sign Sign 0028?,[ASL] CAN YOU SIGN SIGN 0028?
[ASL] I like Sign 0029,[ASL] I LIKE SIGN 0029
[ASL] Show me Sign 0029,[ASL] SHOW ME SIGN 0029
[ASL] Repeat Sign 0030,[ASL] REPEAT SIGN 0030
[ASL] Translate Sign 0031,[ASL] TRANSLATE SIGN 0031
[ASL] Wait for Sign 0031,[ASL] WAIT FOR SIGN 0031
[ASL] Learn Sign 0032,[ASL] LEARN SIGN 0032
[ASL] Show me Sign 0033,[ASL] SHOW ME SIGN 0033
[ASL] Learn Sign 0034,[ASL] LEARN SIGN 0034
[ASL] Show me Sign 0034,[ASL] SHOW ME SIGN 0034
[ASL] Translate Sign 0036,[ASL] TRANSLATE SIGN 0036
[ASL] Can you sign Sign 0037?,[ASL] CAN YOU SIGN SIGN 0037?
[ASL] I like Sign 0039,[ASL] I LIKE SIGN 0039
[ASL] Wait for Sign 0040,[ASL] WAIT FOR SIGN 0040
[ASL] Repeat Sign 0040,[ASL] REPEAT SIGN 0040
[ASL] I like Sign 0041,[ASL] I LIKE SIGN 0041
[ASL] What is Sign 0041?,[ASL] WHAT SIGN 0041?
[ASL] This is Sign 0041,[ASL] THIS SIGN 0041
[ASL] I like Sign 0047,[ASL] I LIKE SIGN 0047
[ASL] Learn Sign 0047,[ASL] LEARN SIGN 0047
[ASL] Wait for Sign 0048,[ASL] WAIT FOR SIGN 0048
[ASL] Show me Sign 0048,[ASL] SHOW ME SIGN 0048
[ASL] What is Sign 0051?,[ASL] WHAT SIGN 0051?
[ASL] I like Sign 0052,[ASL] I LIKE SIGN 0052
[ASL] What is Sign 0052?,[ASL] WHAT SIGN 0052?
[ASL] Learn Sign 0053,[ASL] LEARN SIGN 0053
[ASL] Can you sign Sign 0054?,[ASL] CAN YOU SIGN SIGN 0054?
[ASL] What is Sign 0055?,[ASL] WHAT SIGN 0055?
[ASL] Show me Sign 0055,[ASL] SHOW ME SIGN 0055
[ASL] This is Sign 0058,[ASL] THIS SIGN 0058
[ASL] I like Sign 0058,[ASL] I LIKE SIGN 0058
[ASL] Learn Sign 0059,[ASL] LEARN SIGN 0059
[ASL] This is Sign 0061,[ASL] THIS SIGN 0061
[ASL] Learn Sign 0061,[ASL] LEARN SIGN 0061
[ASL] See Sign 0062,[ASL] SEE SIGN 0062
[ASL] What is Sign 0063?,[ASL] WHAT SIGN 0063?
[ASL] Wait for Sign 0063,[ASL] WAIT FOR SIGN 0063
[ASL] I like Sign 0064,[ASL] I LIKE SIGN 0064
[ASL] I like Sign 0065,[ASL] I LIKE SIGN 0065
[ASL] Translate Sign 0066,[ASL] TRANSLATE SIGN 0066
[ASL] Learn Sign 0068,[ASL] LEARN SIGN 0068
[ASL] See Sign 0070,[ASL] SEE SIGN 0070
[ASL] What is Sign 0070?,[ASL] WHAT SIGN 0070?
[ASL] Translate Sign 0071,[ASL] TRANSLATE SIGN 0071
[ASL] Translate Sign 0072,[ASL] TRANSLATE SIGN 0072
[ASL] Translate Sign 0075,[ASL] TRANSLATE SIGN 0075
[ASL] Repeat Sign 0076,[ASL] REPEAT SIGN 0076
[ASL] What is Sign 0076?,[ASL] WHAT SIGN 0076?
[ASL] What is Sign 0077?,[ASL] WHAT SIGN 0077?
[ASL] I like Sign 0077,[ASL] I LIKE SIGN 0077
[ASL] I like Sign 0078,[ASL] I LIKE SIGN 0078
[ASL] Can you sign Sign 0078?,[ASL] CAN YOU SIGN SIGN 0078?
[ASL] Show me Sign 0079,[ASL] SHOW ME SIGN 0079
[ASL] This is Sign 0080,[ASL] THIS SIGN 0080
[ASL] What is Sign 0080?,[ASL] WHAT SIGN 0080?
[ASL] Repeat Sign 0081,[ASL] REPEAT SIGN 0081
[ASL] Translate Sign 0082,[ASL] TRANSLATE SIGN 0082
[ASL] I like Sign 0083,[ASL] I LIKE SIGN 0083
[ASL] Can you sign Sign 0084?,[ASL] CAN YOU SIGN SIGN 0084?
[ASL] This is Sign 0084,[ASL] THIS SIGN 0084
[ASL] Repeat Sign 0085,[ASL] REPEAT SIGN 0085
[ASL] This is Sign 0085,[ASL] THIS SIGN 0085
[ASL] Translate Sign 0087,[ASL] TRANSLATE SIGN 0087
[ASL] What is Sign 0089?,[ASL] WHAT SIGN 0089?
[ASL] Learn Sign 0090,[ASL] LEARN SIGN 0090
[ASL] Can you sign Sign 0093?,[ASL] CAN YOU SIGN SIGN 0093?
[ASL] Learn Sign 0094,[ASL] LEARN SIGN 0094
[ASL] What is Sign 0096?,[ASL] WHAT SIGN 0096?
[ASL] This is Sign 0097,[ASL] THIS SIGN 0097
[ASL] Repeat Sign 0097,[ASL] REPEAT SIGN 0097
[ASL] Repeat Sign 0099,[ASL] REPEAT SIGN 0099
[ASL] Learn Sign 0000,[ASL] LEARN SIGN 0000
[ASL] Wait for Sign 0000,[ASL] WAIT FOR SIGN 0000
[ASL] Can you sign Sign 0003?,[ASL] CAN YOU SIGN SIGN 0003?
[ASL] This is Sign 0005,[ASL] THIS SIGN 0005
[ASL] I like Sign 0006,[ASL] I LIKE SIGN 0006
[ASL] I like Sign 0008,[ASL] I LIKE SIGN 0008
[ASL] See Sign 0009,[ASL] SEE SIGN 0009
[ASL] What is Sign 0010?,[ASL] WHAT SIGN 0010?
[ASL] Translate Sign 0012,[ASL] TRANSLATE SIGN 0012
[ASL] Repeat Sign 0013,[ASL] REPEAT SIGN 0013
[ASL] Wait for Sign 0014,[ASL] WAIT FOR SIGN 0014
[ASL] I like Sign 0014,[ASL] I LIKE SIGN 0014
[ASL] Can you sign Sign 0018?,[ASL] CAN YOU SIGN SIGN 0018?
[ASL] Show me Sign 0019,[ASL] SHOW ME SIGN 0019
[ASL] What is Sign 0020?,[ASL] WHAT SIGN 0020?
[ASL] Wait for Sign 0022,[ASL] WAIT FOR SIGN 0022
[ASL] Wait for Sign 0024,[ASL] WAIT FOR SIGN 0024
[ASL] What is Sign 0024?,[ASL] WHAT SIGN 0024?
[ASL] This is Sign 0027,[ASL] THIS SIGN 0027
[ASL] Translate Sign 0028,[ASL] TRANSLATE SIGN 0028
[ASL] What is Sign 0030?,[ASL] WHAT SIGN 0030?
[ASL] I like Sign 0032,[ASL] I LIKE SIGN 0032
[ASL] Repeat Sign 0034,[ASL] REPEAT SIGN 0034
[ASL] Translate Sign 0039,[ASL] TRANSLATE SIGN 0039
[ASL] Show me Sign 0039,[ASL] SHOW ME SIGN 0039
[ASL] Learn Sign 0043,[ASL] LEARN SIGN 0043
[ASL] Learn Sign 0045,[ASL] LEARN SIGN 0045
[ASL] Repeat Sign 0047,[ASL] REPEAT SIGN 0047
[ASL] I like Sign 0049,[ASL] I LIKE SIGN 0049
[ASL] See Sign 0052,[ASL] SEE SIGN 0052
[ASL] Can you sign Sign 0052?,[ASL] CAN YOU SIGN SIGN 0052?
[ASL] See Sign 0053,[ASL] SEE SIGN 0053
[ASL] I like Sign 0055,[ASL] I LIKE SIGN 0055
[ASL] Show me Sign 0056,[ASL] SHOW ME SIGN 0056
[ASL] Learn Sign 0058,[ASL] LEARN SIGN 0058
[ASL] Repeat Sign 0059,[ASL] REPEAT SIGN 0059
[ASL] Wait for Sign 0060,[ASL] WAIT FOR SIGN 0060
[ASL] I like Sign 0061,[ASL] I LIKE SIGN 0061
[ASL] Repeat Sign 0061,[ASL] REPEAT SIGN 0061
[ASL] Learn Sign 0064,[ASL] LEARN SIGN 0064
[ASL] Wait for Sign 0065,[ASL] WAIT FOR SIGN 0065
[ASL] See Sign 0066,[ASL] SEE SIGN 0066
[ASL] See Sign 0067,[ASL] SEE SIGN 0067
[ASL] Wait for Sign 0068,[ASL] WAIT FOR SIGN 0068
[ASL] This is Sign 0068,[ASL] THIS SIGN 0068
[ASL] Translate Sign 0069,[ASL] TRANSLATE SIGN 0069
[ASL] Learn Sign 0070,[ASL] LEARN SIGN 0070
[ASL] Translate Sign 0073,[ASL] TRANSLATE SIGN 0073
[ASL] Wait for Sign 0078,[ASL] WAIT FOR SIGN 0078
[ASL] I like Sign 0080,[ASL] I LIKE SIGN 0080
[ASL] Can you sign Sign 0082?,[ASL] CAN YOU SIGN SIGN 0082?
[ASL] Show me Sign 0085,[ASL] SHOW ME SIGN 0085
[ASL] This is Sign 0086,[ASL] THIS SIGN 0086
[ASL] Wait for Sign 0089,[ASL] WAIT FOR SIGN 0089
[ASL] Repeat Sign 0090,[ASL] REPEAT SIGN 0090
[ASL] Wait for Sign 0091,[ASL] WAIT FOR SIGN 0091
[ASL] I like Sign 0091,[ASL] I LIKE SIGN 0091
[ASL] Repeat Sign 0093,[ASL] REPEAT SIGN 0093
[ASL] See Sign 0095,[ASL] SEE SIGN 0095
[ASL] Wait for Sign 0096,[ASL] WAIT FOR SIGN 0096
[ASL] See Sign 0096,[ASL] SEE SIGN 0096
[ASL] Translate Sign 0097,[ASL] TRANSLATE SIGN 0097
[ASL] Show me Sign 0098,[ASL] SHOW ME SIGN 0098
[ASL] I like Sign 0098,[ASL] I LIKE SIGN 0098
[ASL] What is Sign 0001?,[ASL] WHAT SIGN 0001?
[ASL] What is Sign 0002?,[ASL] WHAT SIGN 0002?
[ASL] I like Sign 0003,[ASL] I LIKE SIGN 0003
[ASL] Repeat Sign 0003,[ASL] REPEAT SIGN 0003
[ASL] I like Sign 0007,[ASL] I LIKE SIGN 0007
[ASL] Can you sign Sign 0008?,[ASL] CAN YOU SIGN SIGN 0008?
[ASL] Translate Sign 0010,[ASL] TRANSLATE SIGN 0010
[ASL] Show me Sign 0013,[ASL] SHOW ME SIGN 0013
[ASL] Can you sign Sign 0015?,[ASL] CAN YOU SIGN SIGN 0015?
[ASL] Learn Sign 0015,[ASL] LEARN SIGN 0015
[ASL] I like Sign 0017,[ASL] I LIKE SIGN 0017
[ASL] Learn Sign 0028,[ASL] LEARN SIGN 0028
[ASL] Can you sign Sign 0029?,[ASL] CAN YOU SIGN SIGN 0029?
[ASL] This is Sign 0029,[ASL] THIS SIGN 0029
[ASL] See Sign 0030,[ASL] SEE SIGN 0030
[ASL] Show me Sign 0037,[ASL] SHOW ME SIGN 0037
[ASL] Translate Sign 0038,[ASL] TRANSLATE SIGN 0038
[ASL] Show me Sign 0040,[ASL] SHOW ME SIGN 0040
[ASL] Can you sign Sign 0046?,[ASL] CAN YOU SIGN SIGN 0046?
[ASL] I like Sign 0048,[ASL] I LIKE SIGN 0048
[ASL] Translate Sign 0050,[ASL] TRANSLATE SIGN 0050
[ASL] This is Sign 0053,[ASL] THIS SIGN 0053
[ASL] What is Sign 0054?,[ASL] WHAT SIGN 0054?
[ASL] Learn Sign 0055,[ASL] LEARN SIGN 0055
[ASL] What is Sign 0057?,[ASL] WHAT SIGN 0057?
[ASL] What is Sign 0058?,[ASL] WHAT SIGN 0058?
[ASL] Show me Sign 0059,[ASL] SHOW ME SIGN 0059
[ASL] I like Sign 0066,[ASL] I LIKE SIGN 0066
[ASL] This is Sign 0070,[ASL] THIS SIGN 0070
[ASL] This is Sign 0071,[ASL] THIS SIGN 0071
[ASL] Repeat Sign 0072,[ASL] REPEAT SIGN 0072
[ASL] Show me Sign 0073,[ASL] SHOW ME SIGN 0073
[ASL] This is Sign 0074,[ASL] THIS SIGN 0074
[ASL] I like Sign 0076,[ASL] I LIKE SIGN 0076
[ASL] Can you sign Sign 0077?,[ASL] CAN YOU SIGN SIGN 0077?
[ASL] Learn Sign 0081,[ASL] LEARN SIGN 0081
[ASL] Show me Sign 0081,[ASL] SHOW ME SIGN 0081
[ASL] Repeat Sign 0082,[ASL] REPEAT SIGN 0082
[ASL] Repeat Sign 0084,[ASL] REPEAT SIGN 0084
[ASL] What is Sign 0086?,[ASL] WHAT SIGN 0086?
[ASL] This is Sign 0088,[ASL] THIS SIGN 0088
[ASL] See Sign 0091,[ASL] SEE SIGN 0091
[ASL] What is Sign 0091?,[ASL] WHAT SIGN 0091?
[ASL] Translate Sign 0099,[ASL] TRANSLATE SIGN 0099
[ASL] Can you sign Sign 0002?,[ASL] CAN YOU SIGN SIGN 0002?
[ASL] Wait for Sign 0004,[ASL] WAIT FOR SIGN 0004
[ASL] Show me Sign 0009,[ASL] SHOW ME SIGN 0009
[ASL] Show me Sign 0011,[ASL] SHOW ME SIGN 0011
[ASL] Wait for Sign 0012,[ASL] WAIT FOR SIGN 0012
[ASL] Learn Sign 0018,[ASL] LEARN SIGN 0018
[ASL] Wait for Sign 0018,[ASL] WAIT FOR SIGN 0018
[ASL] Show me Sign 0021,[ASL] SHOW ME SIGN 0021
[ASL] Show me Sign 0031,[ASL] SHOW ME SIGN 0031
[ASL] Translate Sign 0032,[ASL] TRANSLATE SIGN 0032
[ASL] Can you sign Sign 0034?,[ASL] CAN YOU SIGN SIGN 0034?
[ASL] Repeat Sign 0035,[ASL] REPEAT SIGN 0035
[ASL] Show me Sign 0038,[ASL] SHOW ME SIGN 0038
[ASL] This is Sign 0039,[ASL] THIS SIGN 0039
[ASL] I like Sign 0042,[ASL] I LIKE SIGN 0042
[ASL] Repeat Sign 0046,[ASL] REPEAT SIGN 0046
[ASL] This is Sign 0057,[ASL] THIS SIGN 0057
[ASL] Repeat Sign 0063,[ASL] REPEAT SIGN 0063
[ASL] Show me Sign 0066,[ASL] SHOW ME SIGN 0066
[ASL] This is Sign 0067,[ASL] THIS SIGN 0067
[ASL] Wait for Sign 0072,[ASL] WAIT FOR SIGN 0072
[ASL] Can you sign Sign 0072?,[ASL] CAN YOU SIGN SIGN 0072?
[ASL] Show me Sign 0075,[ASL] SHOW ME SIGN 0075
[ASL] Show me Sign 0076,[ASL] SHOW ME SIGN 0076
[ASL] What is Sign 0078?,[ASL] WHAT SIGN 0078?
[ASL] Translate Sign 0080,[ASL] TRANSLATE SIGN 0080
[ASL] Learn Sign 0082,[ASL] LEARN SIGN 0082
[ASL] Learn Sign 0083,[ASL] LEARN SIGN 0083
[ASL] Can you sign Sign 0088?,[ASL] CAN YOU SIGN SIGN 0088?
[ASL] Show me Sign 0092,[ASL] SHOW ME SIGN 0092
[ASL] This is Sign 0099,[ASL] THIS SIGN 0099
[ASL] Learn Sign 0001,[ASL] LEARN SIGN 0001
[ASL] This is Sign 0003,[ASL] THIS SIGN 0003
[ASL] Learn Sign 0005,[ASL] LEARN SIGN 0005
[ASL] Show me Sign 0007,[ASL] SHOW ME SIGN 0007
[ASL] I like Sign 0021,[ASL] I LIKE SIGN 0021
[ASL] Wait for Sign 0028,[ASL] WAIT FOR SIGN 0028
[ASL] This is Sign 0030,[ASL] THIS SIGN 0030
[ASL] Translate Sign 0030,[ASL] TRANSLATE SIGN 0030
[ASL] See Sign 0042,[ASL] SEE SIGN 0042
[ASL] Can you sign Sign 0045?,[ASL] CAN YOU SIGN SIGN 0045?
[ASL] Show me Sign 0049,[ASL] SHOW ME SIGN 0049
[ASL] I like Sign 0051,[ASL] I LIKE SIGN 0051
[ASL] Repeat Sign 0051,[ASL] REPEAT SIGN 0051
[ASL] Repeat Sign 0054,[ASL] REPEAT SIGN 0054
[ASL] Wait for Sign 0055,[ASL] WAIT FOR SIGN 0055
[ASL] Can you sign Sign 0058?,[ASL] CAN YOU SIGN SIGN 0058?
[ASL] Translate Sign 0060,[ASL] TRANSLATE SIGN 0060
[ASL] Can you sign Sign 0062?,[ASL] CAN YOU SIGN SIGN 0062?
[ASL] Show me Sign 0062,[ASL] SHOW ME SIGN 0062
[ASL] This is Sign 0064,[ASL] THIS SIGN 0064
[ASL] Learn Sign 0074,[ASL] LEARN SIGN 0074
[ASL] Wait for Sign 0079,[ASL] WAIT FOR SIGN 0079
[ASL] Wait for Sign 0083,[ASL] WAIT FOR SIGN 0083
[ASL] Wait for Sign 0085,[ASL] WAIT FOR SIGN 0085
[ASL] Learn Sign 0089,[ASL] LEARN SIGN 0089
[ASL] What is Sign 0093?,[ASL] WHAT SIGN 0093?
[ASL] Show me Sign 0097,[ASL] SHOW ME SIGN 0097
[ASL] I like Sign 0010,[ASL] I LIKE SIGN 0010
[ASL] I like Sign 0023,[ASL] I LIKE SIGN 0023
[ASL] I like Sign 0037,[ASL] I LIKE SIGN 0037
[ASL] Learn Sign 0038,[ASL] LEARN SIGN 0038
[ASL] What is Sign 0039?,[ASL] WHAT SIGN 0039?
[ASL] Can you sign Sign 0043?,[ASL] CAN YOU SIGN SIGN 0043?
[ASL] Wait for Sign 0047,[ASL] WAIT FOR SIGN 0047
[ASL] Can you sign Sign 0048?,[ASL] CAN YOU SIGN SIGN 0048?
[ASL] I like Sign 0050,[ASL] I LIKE SIGN 0050
[ASL] Translate Sign 0056,[ASL] TRANSLATE SIGN 0056
[ASL] Can you sign Sign 0061?,[ASL] CAN YOU SIGN SIGN 0061?
[ASL] Learn Sign 0079,[ASL] LEARN SIGN 0079
[ASL] This is Sign 0089,[ASL] THIS SIGN 0089
[ASL] Wait for Sign 0092,[ASL] WAIT FOR SIGN 0092
[ASL] I like Sign 0097,[ASL] I LIKE SIGN 0097
[ASL] Can you sign Sign 0014?,[ASL] CAN YOU SIGN SIGN 0014?
[ASL] Learn Sign 0023,[ASL] LEARN SIGN 0023
[ASL] I like Sign 0026,[ASL] I LIKE SIGN 0026
[ASL] Translate Sign 0027,[ASL] TRANSLATE SIGN 0027
[ASL] Repeat Sign 0032,[ASL] REPEAT SIGN 0032
[ASL] See Sign 0033,[ASL] SEE SIGN 0033
[ASL] Learn Sign 0035,[ASL] LEARN SIGN 0035
[ASL] Wait for Sign 0059,[ASL] WAIT FOR SIGN 0059
[ASL] What is Sign 0065?,[ASL] WHAT SIGN 0065?
[ASL] What is Sign 0085?,[ASL] WHAT SIGN 0085?
[ASL] Learn Sign 0088,[ASL] LEARN SIGN 0088
[ASL] What is Sign 0095?,[ASL] WHAT SIGN 0095?
[ASL] Learn Sign 0095,[ASL] LEARN SIGN 0095
[ASL] See Sign 0006,[ASL] SEE SIGN 0006
[ASL] Can you sign Sign 0026?,[ASL] CAN YOU SIGN SIGN 0026?
[ASL] See Sign 0037,[ASL] SEE SIGN 0037
[ASL] See Sign 0039,[ASL] SEE SIGN 0039
[ASL] Repeat Sign 0071,[ASL] REPEAT SIGN 0071
[ASL] Learn Sign 0080,[ASL] LEARN SIGN 0080
[ASL] Wait for Sign 0094,[ASL] WAIT FOR SIGN 0094
[ASL] Can you sign Sign 0019?,[ASL] CAN YOU SIGN SIGN 0019?
[ASL] Can you sign Sign 0031?,[ASL] CAN YOU SIGN SIGN 0031?
[ASL] Learn Sign 0046,[ASL] LEARN SIGN 0046
[ASL] Show me Sign 0051,[ASL] SHOW ME SIGN 0051
[ASL] Wait for Sign 0075,[ASL] WAIT FOR SIGN 0075
[ASL] See Sign 0087,[ASL] SEE SIGN 0087
[ASL] Show me Sign 0095,[ASL] SHOW ME SIGN 0095
[ASL] I like Sign 0011,[ASL] I LIKE SIGN 0011
[ASL] Wait for Sign 0067,[ASL] WAIT FOR SIGN 0067
[ASL] See Sign 0083,[ASL] SEE SIGN 0083
[ASL] See Sign 0094,[ASL] SEE SIGN 0094
[ASL] Translate Sign 0070,[ASL] TRANSLATE SIGN 0070
[ASL] I like Sign 0090,[ASL] I LIKE SIGN 0090
[ASL] Learn Sign 0033,[ASL] LEARN SIGN 0033
[ASL] This is Sign 0069,[ASL] THIS SIGN 0069
[ASL] I like Sign 0004,[ASL] I LIKE SIGN 0004
[ASL] Translate Sign 0020,[ASL] TRANSLATE SIGN 0020
[ASL] Learn Sign 0041,[ASL] LEARN SIGN 0041
[ASL] Repeat Sign 0045,[ASL] REPEAT SIGN 0045
[ASL] Translate Sign 0041,[ASL] TRANSLATE SIGN 0041
[ASL] Show me Sign 0090,[ASL] SHOW ME SIGN 0090
[DGS] I like Sign 0000,[DGS] I LIKE SIGN 0000
[DGS] This is Sign 0000,[DGS] THIS SIGN 0000
[DGS] Repeat Sign 0000,[DGS] REPEAT SIGN 0000
[DGS] Show me Sign 0001,[DGS] SHOW ME SIGN 0001
[DGS] Translate Sign 0001,[DGS] TRANSLATE SIGN 0001
[DGS] I like Sign 0001,[DGS] I LIKE SIGN 0001
[DGS] Wait for Sign 0002,[DGS] WAIT FOR SIGN 0002
[DGS] Translate Sign 0002,[DGS] TRANSLATE SIGN 0002
[DGS] This is Sign 0003,[DGS] THIS SIGN 0003
[DGS] Show me Sign 0003,[DGS] SHOW ME SIGN 0003
[DGS] What is Sign 0004?,[DGS] WHAT SIGN 0004?
[DGS] Can you sign Sign 0004?,[DGS] CAN YOU SIGN SIGN 0004?
[DGS] See Sign 0004,[DGS] SEE SIGN 0004
[DGS] Learn Sign 0005,[DGS] LEARN SIGN 0005
[DGS] Wait for Sign 0005,[DGS] WAIT FOR SIGN 0005
[DGS] I like Sign 0006,[DGS] I LIKE SIGN 0006
[DGS] Repeat Sign 0006,[DGS] REPEAT SIGN 0006
[DGS] This is Sign 0007,[DGS] THIS SIGN 0007
[DGS] What is Sign 0007?,[DGS] WHAT SIGN 0007?
[DGS] I like Sign 0007,[DGS] I LIKE SIGN 0007
[DGS] Show me Sign 0008,[DGS] SHOW ME SIGN 0008
[DGS] Can you sign Sign 0008?,[DGS] CAN YOU SIGN SIGN 0008?
[DGS] What is Sign 0008?,[DGS] WHAT SIGN 0008?
[DGS] See Sign 0009,[DGS] SEE SIGN 0009
[DGS] I like Sign 0009,[DGS] I LIKE SIGN 0009
[DGS] Can you sign Sign 0009?,[DGS] CAN YOU SIGN SIGN 0009?
[DGS] Repeat Sign 0010,[DGS] REPEAT SIGN 0010
[DGS] Wait for Sign 0010,[DGS] WAIT FOR SIGN 0010
[DGS] Show me Sign 0011,[DGS] SHOW ME SIGN 0011
[DGS] Learn Sign 0011,[DGS] LEARN SIGN 0011
[DGS] Repeat Sign 0012,[DGS] REPEAT SIGN 0012
[DGS] This is Sign 0012,[DGS] THIS SIGN 0012
[DGS] Can you sign Sign 0012?,[DGS] CAN YOU SIGN SIGN 0012?
[DGS] Can you sign Sign 0013?,[DGS] CAN YOU SIGN SIGN 0013?
[DGS] I like Sign 0013,[DGS] I LIKE SIGN 0013
[DGS] What is Sign 0013?,[DGS] WHAT SIGN 0013?
[DGS] What is Sign 0014?,[DGS] WHAT SIGN 0014?
[DGS] This is Sign 0014,[DGS] THIS SIGN 0014
[DGS] Can you sign Sign 0015?,[DGS] CAN YOU SIGN SIGN 0015?
[DGS] Show me Sign 0015,[DGS] SHOW ME SIGN 0015
[DGS] Repeat Sign 0016,[DGS] REPEAT SIGN 0016
[DGS] This is Sign 0016,[DGS] THIS SIGN 0016
[DGS] I like Sign 0016,[DGS] I LIKE SIGN 0016
[DGS] See Sign 0017,[DGS] SEE SIGN 0017
[DGS] I like Sign 0017,[DGS] I LIKE SIGN 0017
[DGS] Repeat Sign 0017,[DGS] REPEAT SIGN 0017
[DGS] Show me Sign 0018,[DGS] SHOW ME SIGN 0018
[DGS] Learn Sign 0018,[DGS] LEARN SIGN 0018
[DGS] I like Sign 0018,[DGS] I LIKE SIGN 0018
[DGS] Show me Sign 0019,[DGS] SHOW ME SIGN 0019
[DGS] Learn Sign 0019,[DGS] LEARN SIGN 0019
[DGS] What is Sign 0019?,[DGS] WHAT SIGN 0019?
[DGS] Learn Sign 0020,[DGS] LEARN SIGN 0020
[DGS] I like Sign 0020,[DGS] I LIKE SIGN 0020
[DGS] Translate Sign 0020,[DGS] TRANSLATE SIGN 0020
[DGS] Show me Sign 0021,[DGS] SHOW ME SIGN 0021
[DGS] Wait for Sign 0021,[DGS] WAIT FOR SIGN 0021
[DGS] This is Sign 0021,[DGS] THIS SIGN 0021
[DGS] This is Sign 0022,[DGS] THIS SIGN 0022
[DGS] Translate Sign 0022,[DGS] TRANSLATE SIGN 0022
[DGS] Can you sign Sign 0022?,[DGS] CAN YOU SIGN SIGN 0022?
[DGS] This is Sign 0024,[DGS] THIS SIGN 0024
[DGS] What is Sign 0024?,[DGS] WHAT SIGN 0024?
[DGS] Repeat Sign 0024,[DGS] REPEAT SIGN 0024
[DGS] Show me Sign 0025,[DGS] SHOW ME SIGN 0025
[DGS] This is Sign 0025,[DGS] THIS SIGN 0025
[DGS] See Sign 0026,[DGS] SEE SIGN 0026
[DGS] What is Sign 0026?,[DGS] WHAT SIGN 0026?
[DGS] Learn Sign 0026,[DGS] LEARN SIGN 0026
[DGS] What is Sign 0027?,[DGS] WHAT SIGN 0027?
[DGS] Can you sign Sign 0027?,[DGS] CAN YOU SIGN SIGN 0027?
[DGS] I like Sign 0027,[DGS] I LIKE SIGN 0027
[DGS] Learn Sign 0028,[DGS] LEARN SIGN 0028
[DGS] Show me Sign 0028,[DGS] SHOW ME SIGN 0028
[DGS] What is Sign 0029?,[DGS] WHAT SIGN 0029?
[DGS] See Sign 0029,[DGS] SEE SIGN 0029
[DGS] I like Sign 0029,[DGS] I LIKE SIGN 0029
[DGS] Can you sign Sign 0030?,[DGS] CAN YOU SIGN SIGN 0030?
[DGS] Repeat Sign 0030,[DGS] REPEAT SIGN 0030
[DGS] I like Sign 0030,[DGS] I LIKE SIGN 0030
[DGS] See Sign 0031,[DGS] SEE SIGN 0031
[DGS] Translate Sign 0031,[DGS] TRANSLATE SIGN 0031
[DGS] What is Sign 0031?,[DGS] WHAT SIGN 0031?
[DGS] See Sign 0032,[DGS] SEE SIGN 0032
[DGS] Learn Sign 0032,[DGS] LEARN SIGN 0032
[DGS] This is Sign 0032,[DGS] THIS SIGN 0032
[DGS] Show me Sign 0033,[DGS] SHOW ME SIGN 0033
[DGS] Learn Sign 0034,[DGS] LEARN SIGN 0034
[DGS] I like Sign 0034,[DGS] I LIKE SIGN 0034
[DGS] What is Sign 0035?,[DGS] WHAT SIGN 0035?
[DGS] Translate Sign 0035,[DGS] TRANSLATE SIGN 0035
[DGS] Show me Sign 0035,[DGS] SHOW ME SIGN 0035
[DGS] See Sign 0036,[DGS] SEE SIGN 0036
[DGS] Repeat Sign 0036,[DGS] REPEAT SIGN 0036
[DGS] Can you sign Sign 0036?,[DGS] CAN YOU SIGN SIGN 0036?
[DGS] Learn Sign 0037,[DGS] LEARN SIGN 0037
[DGS] Show me Sign 0037,[DGS] SHOW ME SIGN 0037
[DGS] What is Sign 0037?,[DGS] WHAT SIGN 0037?
[DGS] Learn Sign 0038,[DGS] LEARN SIGN 0038
[DGS] Can you sign Sign 0038?,[DGS] CAN YOU SIGN SIGN 0038?
[DGS] See Sign 0038,[DGS] SEE SIGN 0038
[DGS] Show me Sign 0039,[DGS] SHOW ME SIGN 0039
[DGS] This is Sign 0039,[DGS] THIS SIGN 0039
[DGS] See Sign 0039,[DGS] SEE SIGN 0039
[DGS] Learn Sign 0040,[DGS] LEARN SIGN 0040
[DGS] What is Sign 0040?,[DGS] WHAT SIGN 0040?
[DGS] Wait for Sign 0040,[DGS] WAIT FOR SIGN 0040
[DGS] Translate Sign 0041,[DGS] TRANSLATE SIGN 0041
[DGS] Repeat Sign 0041,[DGS] REPEAT SIGN 0041
[DGS] This is Sign 0041,[DGS] THIS SIGN 0041
[DGS] Can you sign Sign 0042?,[DGS] CAN YOU SIGN SIGN 0042?
[DGS] What is Sign 0042?,[DGS] WHAT SIGN 0042?
[DGS] Show me Sign 0042,[DGS] SHOW ME SIGN 0042
[DGS] Show me Sign 0043,[DGS] SHOW ME SIGN 0043
[DGS] This is Sign 0043,[DGS] THIS SIGN 0043
[DGS] Translate Sign 0043,[DGS] TRANSLATE SIGN 0043
[DGS] Translate Sign 0044,[DGS] TRANSLATE SIGN 0044
[DGS] Wait for Sign 0044,[DGS] WAIT FOR SIGN 0044
[DGS] I like Sign 0044,[DGS] I LIKE SIGN 0044
[DGS] See Sign 0045,[DGS] SEE SIGN 0045
[DGS] Learn Sign 0045,[DGS] LEARN SIGN 0045
[DGS] This is Sign 0045,[DGS] THIS SIGN 0045
[DGS] What is Sign 0046?,[DGS] WHAT SIGN 0046?
[DGS] Can you sign Sign 0046?,[DGS] CAN YOU SIGN SIGN 0046?
[DGS] Translate Sign 0047,[DGS] TRANSLATE SIGN 0047
[DGS] Repeat Sign 0047,[DGS] REPEAT SIGN 0047
[DGS] I like Sign 0047,[DGS] I LIKE SIGN 0047
[DGS] This is Sign 0048,[DGS] THIS SIGN 0048
[DGS] Wait for Sign 0048,[DGS] WAIT FOR SIGN 0048
[DGS] Repeat Sign 0048,[DGS] REPEAT SIGN 0048
[DGS] Learn Sign 0049,[DGS] LEARN SIGN 0049
[DGS] Repeat Sign 0049,[DGS] REPEAT SIGN 0049
[DGS] Translate Sign 0049,[DGS] TRANSLATE SIGN 0049
[DGS] Learn Sign 0050,[DGS] LEARN SIGN 0050
[DGS] What is Sign 0050?,[DGS] WHAT SIGN 0050?
[DGS] Translate Sign 0050,[DGS] TRANSLATE SIGN 0050
[DGS] Translate Sign 0051,[DGS] TRANSLATE SIGN 0051
[DGS] I like Sign 0051,[DGS] I LIKE SIGN 0051
[DGS] I like Sign 0052,[DGS] I LIKE SIGN 0052
[DGS] Wait for Sign 0052,[DGS] WAIT FOR SIGN 0052
[DGS] Translate Sign 0053,[DGS] TRANSLATE SIGN 0053
[DGS] I like Sign 0053,[DGS] I LIKE SIGN 0053
[DGS] Repeat Sign 0054,[DGS] REPEAT SIGN 0054
[DGS] See Sign 0054,[DGS] SEE SIGN 0054
[DGS] Translate Sign 0054,[DGS] TRANSLATE SIGN 0054
[DGS] This is Sign 0055,[DGS] THIS SIGN 0055
[DGS] Wait for Sign 0055,[DGS] WAIT FOR SIGN 0055
[DGS] See Sign 0055,[DGS] SEE SIGN 0055
[DGS] What is Sign 0056?,[DGS] WHAT SIGN 0056?
[DGS] Repeat Sign 0056,[DGS] REPEAT SIGN 0056
[DGS] Translate Sign 0057,[DGS] TRANSLATE SIGN 0057
[DGS] Can you sign Sign 0057?,[DGS] CAN YOU SIGN SIGN 0057?
[DGS] What is Sign 0058?,[DGS] WHAT SIGN 0058?
[DGS] Can you sign Sign 0058?,[DGS] CAN YOU SIGN SIGN 0058?
[DGS] See Sign 0058,[DGS] SEE SIGN 0058
[DGS] Can you sign Sign 0059?,[DGS] CAN YOU SIGN SIGN 0059?
[DGS] See Sign 0059,[DGS] SEE SIGN 0059
[DGS] Translate Sign 0060,[DGS] TRANSLATE SIGN 0060
[DGS] Show me Sign 0060,[DGS] SHOW ME SIGN 0060
[DGS] This is Sign 0061,[DGS] THIS SIGN 0061
[DGS] Repeat Sign 0061,[DGS] REPEAT SIGN 0061
[DGS] Wait for Sign 0061,[DGS] WAIT FOR SIGN 0061
[DGS] Can you sign Sign 0062?,[DGS] CAN YOU SIGN SIGN 0062?
[DGS] See Sign 0062,[DGS] SEE SIGN 0062
[DGS] Wait for Sign 0062,[DGS] WAIT FOR SIGN 0062
[DGS] Learn Sign 0063,[DGS] LEARN SIGN 0063
[DGS] Can you sign Sign 0063?,[DGS] CAN YOU SIGN SIGN 0063?
[DGS] Learn Sign 0064,[DGS] LEARN SIGN 0064
[DGS] Repeat Sign 0064,[DGS] REPEAT SIGN 0064
[DGS] What is Sign 0064?,[DGS] WHAT SIGN 0064?
[DGS] Wait for Sign 0065,[DGS] WAIT FOR SIGN 0065
[DGS] What is Sign 0065?,[DGS] WHAT SIGN 0065?
[DGS] Can you sign Sign 0065?,[DGS] CAN YOU SIGN SIGN 0065?
[DGS] This is Sign 0066,[DGS] THIS SIGN 0066
[DGS] Repeat Sign 0066,[DGS] REPEAT SIGN 0066
[DGS] Show me Sign 0066,[DGS] SHOW ME SIGN 0066
[DGS] I like Sign 0067,[DGS] I LIKE SIGN 0067
[DGS] See Sign 0067,[DGS] SEE SIGN 0067
[DGS] Learn Sign 0068,[DGS] LEARN SIGN 0068
[DGS] Show me Sign 0068,[DGS] SHOW ME SIGN 0068
[DGS] I like Sign 0068,[DGS] I LIKE SIGN 0068
[DGS] Wait for Sign 0069,[DGS] WAIT FOR SIGN 0069
[DGS] Translate Sign 0069,[DGS] TRANSLATE SIGN 0069
[DGS] I like Sign 0069,[DGS] I LIKE SIGN 0069
[DGS] See Sign 0070,[DGS] SEE SIGN 0070
[DGS] I like Sign 0070,[DGS] I LIKE SIGN 0070
[DGS] Can you sign Sign 0070?,[DGS] CAN YOU SIGN SIGN 0070?
[DGS] See Sign 0071,[DGS] SEE SIGN 0071
[DGS] Learn Sign 0071,[DGS] LEARN SIGN 0071
[DGS] Wait for Sign 0071,[DGS] WAIT FOR SIGN 0071
[DGS] Repeat Sign 0072,[DGS] REPEAT SIGN 0072
[DGS] I like Sign 0072,[DGS] I LIKE SIGN 0072
[DGS] Learn Sign 0072,[DGS] LEARN SIGN 0072
[DGS] This is Sign 0073,[DGS] THIS SIGN 0073
[DGS] See Sign 0073,[DGS] SEE SIGN 0073
[DGS] Can you sign Sign 0073?,[DGS] CAN YOU SIGN SIGN 0073?
[DGS] I like Sign 0074,[DGS] I LIKE SIGN 0074
[DGS] Learn Sign 0074,[DGS] LEARN SIGN 0074
[DGS] This is Sign 0075,[DGS] THIS SIGN 0075
[DGS] Translate Sign 0075,[DGS] TRANSLATE SIGN 0075
[DGS] Wait for Sign 0076,[DGS] WAIT FOR SIGN 0076
[DGS] Repeat Sign 0076,[DGS] REPEAT SIGN 0076
[DGS] Can you sign Sign 0077?,[DGS] CAN YOU SIGN SIGN 0077?
[DGS] This is Sign 0077,[DGS] THIS SIGN 0077
[DGS] Translate Sign 0078,[DGS] TRANSLATE SIGN 0078
[DGS] See Sign 0078,[DGS] SEE SIGN 0078
[DGS] This is Sign 0078,[DGS] THIS SIGN 0078
[DGS] I like Sign 0079,[DGS] I LIKE SIGN 0079
[DGS] See Sign 0079,[DGS] SEE SIGN 0079
[DGS] This is Sign 0079,[DGS] THIS SIGN 0079
[DGS] This is Sign 0080,[DGS] THIS SIGN 0080
[DGS] Wait for Sign 0080,[DGS] WAIT FOR SIGN 0080
[DGS] Translate Sign 0081,[DGS] TRANSLATE SIGN 0081
[DGS] What is Sign 0081?,[DGS] WHAT SIGN 0081?
[DGS] This is Sign 0081,[DGS] THIS SIGN 0081
[DGS] See Sign 0082,[DGS] SEE SIGN 0082
[DGS] Translate Sign 0082,[DGS] TRANSLATE SIGN 0082
[DGS] What is Sign 0082?,[DGS] WHAT SIGN 0082?
[DGS] Repeat Sign 0083,[DGS] REPEAT SIGN 0083
[DGS] Show me Sign 0083,[DGS] SHOW ME SIGN 0083
[DGS] Wait for Sign 0083,[DGS] WAIT FOR SIGN 0083
[DGS] Translate Sign 0084,[DGS] TRANSLATE SIGN 0084
[DGS] Wait for Sign 0084,[DGS] WAIT FOR SIGN 0084
[DGS] This is Sign 0084,[DGS] THIS SIGN 0084
[DGS] Can you sign Sign 0085?,[DGS] CAN YOU SIGN SIGN 0085?
[DGS] See Sign 0085,[DGS] SEE SIGN 0085
[DGS] Translate Sign 0085,[DGS] TRANSLATE SIGN 0085
[DGS] Can you sign Sign 0086?,[DGS] CAN YOU SIGN SIGN 0086?
[DGS] I like Sign 0086,[DGS] I LIKE SIGN 0086
[DGS] This is Sign 0086,[DGS] THIS SIGN 0086
[DGS] What is Sign 0087?,[DGS] WHAT SIGN 0087?
[DGS] Can you sign Sign 0087?,[DGS] CAN YOU SIGN SIGN 0087?
[DGS] Show me Sign 0088,[DGS] SHOW ME SIGN 0088
[DGS] This is Sign 0088,[DGS] THIS SIGN 0088
[DGS] Can you sign Sign 0089?,[DGS] CAN YOU SIGN SIGN 0089?
[DGS] Show me Sign 0089,[DGS] SHOW ME SIGN 0089
[DGS] This is Sign 0090,[DGS] THIS SIGN 0090
[DGS] Show me Sign 0090,[DGS] SHOW ME SIGN 0090
[DGS] Learn Sign 0090,[DGS] LEARN SIGN 0090
[DGS] See Sign 0091,[DGS] SEE SIGN 0091
[DGS] Translate Sign 0091,[DGS] TRANSLATE SIGN 0091
[DGS] I like Sign 0092,[DGS] I LIKE SIGN 0092
[DGS] Can you sign Sign 0092?,[DGS] CAN YOU SIGN SIGN 0092?
[DGS] Wait for Sign 0093,[DGS] WAIT FOR SIGN 0093
[DGS] Translate Sign 0093,[DGS] TRANSLATE SIGN 0093
[DGS] See Sign 0093,[DGS] SEE SIGN 0093
[DGS] Repeat Sign 0094,[DGS] REPEAT SIGN 0094
[DGS] Show me Sign 0094,[DGS] SHOW ME SIGN 0094
[DGS] What is Sign 0095?,[DGS] WHAT SIGN 0095?
[DGS] Translate Sign 0095,[DGS] TRANSLATE SIGN 0095
[DGS] This is Sign 0095,[DGS] THIS SIGN 0095
[DGS] Repeat Sign 0096,[DGS] REPEAT SIGN 0096
[DGS] What is Sign 0096?,[DGS] WHAT SIGN 0096?
[DGS] This is Sign 0096,[DGS] THIS SIGN 0096
[DGS] Can you sign Sign 0097?,[DGS] CAN YOU SIGN SIGN 0097?
[DGS] Learn Sign 0097,[DGS] LEARN SIGN 0097
[DGS] This is Sign 0097,[DGS] THIS SIGN 0097
[DGS] What is Sign 0098?,[DGS] WHAT SIGN 0098?
[DGS] Wait for Sign 0098,[DGS] WAIT FOR SIGN 0098
[DGS] Repeat Sign 0098,[DGS] REPEAT SIGN 0098
[DGS] Can you sign Sign 0099?,[DGS] CAN YOU SIGN SIGN 0099?
[DGS] See Sign 0099,[DGS] SEE SIGN 0099
[DGS] Translate Sign 0099,[DGS] TRANSLATE SIGN 0099
[DGS] Translate Sign 0000,[DGS] TRANSLATE SIGN 0000
[DGS] Wait for Sign 0000,[DGS] WAIT FOR SIGN 0000
[DGS] What is Sign 0000?,[DGS] WHAT SIGN 0000?
[DGS] Learn Sign 0001,[DGS] LEARN SIGN 0001
[DGS] This is Sign 0001,[DGS] THIS SIGN 0001
[DGS] See Sign 0002,[DGS] SEE SIGN 0002
[DGS] Can you sign Sign 0003?,[DGS] CAN YOU SIGN SIGN 0003?
[DGS] This is Sign 0004,[DGS] THIS SIGN 0004
[DGS] Wait for Sign 0004,[DGS] WAIT FOR SIGN 0004
[DGS] Learn Sign 0004,[DGS] LEARN SIGN 0004
[DGS] See Sign 0005,[DGS] SEE SIGN 0005
[DGS] What is Sign 0005?,[DGS] WHAT SIGN 0005?
[DGS] See Sign 0006,[DGS] SEE SIGN 0006
[DGS] Show me Sign 0006,[DGS] SHOW ME SIGN 0006
[DGS] See Sign 0008,[DGS] SEE SIGN 0008
[DGS] Learn Sign 0008,[DGS] LEARN SIGN 0008
[DGS] Show me Sign 0009,[DGS] SHOW ME SIGN 0009
[DGS] Learn Sign 0009,[DGS] LEARN SIGN 0009
[DGS] This is Sign 0009,[DGS] THIS SIGN 0009
[DGS] This is Sign 0010,[DGS] THIS SIGN 0010
[DGS] Learn Sign 0010,[DGS] LEARN SIGN 0010
[DGS] I like Sign 0012,[DGS] I LIKE SIGN 0012
[DGS] Translate Sign 0013,[DGS] TRANSLATE SIGN 0013
[DGS] Wait for Sign 0014,[DGS] WAIT FOR SIGN 0014
[DGS] Learn Sign 0014,[DGS] LEARN SIGN 0014
[DGS] Repeat Sign 0015,[DGS] REPEAT SIGN 0015
[DGS] What is Sign 0016?,[DGS] WHAT SIGN 0016?
[DGS] Translate Sign 0016,[DGS] TRANSLATE SIGN 0016
[DGS] Learn Sign 0017,[DGS] LEARN SIGN 0017
[DGS] Repeat Sign 0018,[DGS] REPEAT SIGN 0018
[DGS] Wait for Sign 0019,[DGS] WAIT FOR SIGN 0019
[DGS] I like Sign 0019,[DGS] I LIKE SIGN 0019
[DGS] Translate Sign 0019,[DGS] TRANSLATE SIGN 0019
[DGS] Repeat Sign 0020,[DGS] REPEAT SIGN 0020
[DGS] What is Sign 0021?,[DGS] WHAT SIGN 0021?
[DGS] I like Sign 0021,[DGS] I LIKE SIGN 0021
[DGS] Translate Sign 0021,[DGS] TRANSLATE SIGN 0021
[DGS] I like Sign 0022,[DGS] I LIKE SIGN 0022
[DGS] Repeat Sign 0022,[DGS] REPEAT SIGN 0022
[DGS] Show me Sign 0023,[DGS] SHOW ME SIGN 0023
[DGS] Repeat Sign 0023,[DGS] REPEAT SIGN 0023
[DGS] Wait for Sign 0024,[DGS] WAIT FOR SIGN 0024
[DGS] Learn Sign 0024,[DGS] LEARN SIGN 0024
[DGS] See Sign 0025,[DGS] SEE SIGN 0025
[DGS] Learn Sign 0025,[DGS] LEARN SIGN 0025
[DGS] Translate Sign 0026,[DGS] TRANSLATE SIGN 0026
[DGS] Repeat Sign 0026,[DGS] REPEAT SIGN 0026
[DGS] Show me Sign 0026,[DGS] SHOW ME SIGN 0026
[DGS] Repeat Sign 0027,[DGS] REPEAT SIGN 0027
[DGS] Translate Sign 0027,[DGS] TRANSLATE SIGN 0027
[DGS] I like Sign 0028,[DGS] I LIKE SIGN 0028
[DGS] Wait for Sign 0028,[DGS] WAIT FOR SIGN 0028
[DGS] Can you sign Sign 0029?,[DGS] CAN YOU SIGN SIGN 0029?
[DGS] Wait for Sign 0029,[DGS] WAIT FOR SIGN 0029
[DGS] What is Sign 0030?,[DGS] WHAT SIGN 0030?
[DGS] I like Sign 0031,[DGS] I LIKE SIGN 0031
[DGS] Can you sign Sign 0031?,[DGS] CAN YOU SIGN SIGN 0031?
[DGS] Learn Sign 0031,[DGS] LEARN SIGN 0031
[DGS] Show me Sign 0032,[DGS] SHOW ME SIGN 0032
[DGS] Can you sign Sign 0032?,[DGS] CAN YOU SIGN SIGN 0032?
[DGS] Learn Sign 0033,[DGS] LEARN SIGN 0033
[DGS] Repeat Sign 0034,[DGS] REPEAT SIGN 0034
[DGS] Learn Sign 0035,[DGS] LEARN SIGN 0035
[DGS] See Sign 0035,[DGS] SEE SIGN 0035
[DGS] This is Sign 0036,[DGS] THIS SIGN 0036
[DGS] Show me Sign 0036,[DGS] SHOW ME SIGN 0036
[DGS] I like Sign 0037,[DGS] I LIKE SIGN 0037
[DGS] This is Sign 0038,[DGS] THIS SIGN 0038
[DGS] Show me Sign 0038,[DGS] SHOW ME SIGN 0038
[DGS] What is Sign 0039?,[DGS] WHAT SIGN 0039?
[DGS] I like Sign 0039,[DGS] I LIKE SIGN 0039
[DGS] Show me Sign 0040,[DGS] SHOW ME SIGN 0040
[DGS] See Sign 0040,[DGS] SEE SIGN 0040
[DGS] This is Sign 0040,[DGS] THIS SIGN 0040
[DGS] Show me Sign 0041,[DGS] SHOW ME SIGN 0041
[DGS] See Sign 0042,[DGS] SEE SIGN 0042
[DGS] Wait for Sign 0042,[DGS] WAIT FOR SIGN 0042
[DGS] Can you sign Sign 0043?,[DGS] CAN YOU SIGN SIGN 0043?
[DGS] What is Sign 0043?,[DGS] WHAT SIGN 0043?
[DGS] Show me Sign 0044,[DGS] SHOW ME SIGN 0044
[DGS] Repeat Sign 0044,[DGS] REPEAT SIGN 0044
[DGS] This is Sign 0044,[DGS] THIS SIGN 0044
[DGS] Show me Sign 0045,[DGS] SHOW ME SIGN 0045
[DGS] Translate Sign 0045,[DGS] TRANSLATE SIGN 0045
[DGS] Learn Sign 0046,[DGS] LEARN SIGN 0046
[DGS] Show me Sign 0046,[DGS] SHOW ME SIGN 0046
[DGS] This is Sign 0047,[DGS] THIS SIGN 0047
[DGS] Learn Sign 0048,[DGS] LEARN SIGN 0048
[DGS] See Sign 0049,[DGS] SEE SIGN 0049
[DGS] What is Sign 0049?,[DGS] WHAT SIGN 0049?
[DGS] Can you sign Sign 0049?,[DGS] CAN YOU SIGN SIGN 0049?
[DGS] Repeat Sign 0050,[DGS] REPEAT SIGN 0050
[DGS] Wait for Sign 0050,[DGS] WAIT FOR SIGN 0050
[DGS] See Sign 0050,[DGS] SEE SIGN 0050
[DGS] Wait for Sign 0051,[DGS] WAIT FOR SIGN 0051
[DGS] Learn Sign 0051,[DGS] LEARN SIGN 0051
[DGS] This is Sign 0052,[DGS] THIS SIGN 0052
[DGS] Translate Sign 0052,[DGS] TRANSLATE SIGN 0052
[DGS] What is Sign 0053?,[DGS] WHAT SIGN 0053?
[DGS] Repeat Sign 0053,[DGS] REPEAT SIGN 0053
[DGS] Wait for Sign 0054,[DGS] WAIT FOR SIGN 0054
[DGS] This is Sign 0054,[DGS] THIS SIGN 0054
[DGS] What is Sign 0054?,[DGS] WHAT SIGN 0054?
[DGS] I like Sign 0055,[DGS] I LIKE SIGN 0055
[DGS] This is Sign 0056,[DGS] THIS SIGN 0056
[DGS] What is Sign 0057?,[DGS] WHAT SIGN 0057?
[DGS] Show me Sign 0057,[DGS] SHOW ME SIGN 0057
[DGS] Wait for Sign 0057,[DGS] WAIT FOR SIGN 0057
[DGS] This is Sign 0058,[DGS] THIS SIGN 0058
[DGS] I like Sign 0059,[DGS] I LIKE SIGN 0059
[DGS] Wait for Sign 0060,[DGS] WAIT FOR SIGN 0060
[DGS] See Sign 0060,[DGS] SEE SIGN 0060
[DGS] Can you sign Sign 0060?,[DGS] CAN YOU SIGN SIGN 0060?
[DGS] Show me Sign 0061,[DGS] SHOW ME SIGN 0061
[DGS] What is Sign 0061?,[DGS] WHAT SIGN 0061?
[DGS] Translate Sign 0061,[DGS] TRANSLATE SIGN 0061
[DGS] Learn Sign 0062,[DGS] LEARN SIGN 0062
[DGS] Repeat Sign 0062,[DGS] REPEAT SIGN 0062
[DGS] This is Sign 0062,[DGS] THIS SIGN 0062
[DGS] Translate Sign 0063,[DGS] TRANSLATE SIGN 0063
[DGS] This is Sign 0063,[DGS] THIS SIGN 0063
[DGS] See Sign 0064,[DGS] SEE SIGN 0064
[DGS] See Sign 0065,[DGS] SEE SIGN 0065
[DGS] I like Sign 0066,[DGS] I LIKE SIGN 0066
[DGS] Translate Sign 0066,[DGS] TRANSLATE SIGN 0066
[DGS] This is Sign 0067,[DGS] THIS SIGN 0067
[DGS] Repeat Sign 0067,[DGS] REPEAT SIGN 0067
[DGS] Wait for Sign 0067,[DGS] WAIT FOR SIGN 0067
[DGS] Wait for Sign 0068,[DGS] WAIT FOR SIGN 0068
[DGS] This is Sign 0069,[DGS] THIS SIGN 0069
[DGS] See Sign 0069,[DGS] SEE SIGN 0069
[DGS] Show me Sign 0070,[DGS] SHOW ME SIGN 0070
[DGS] Wait for Sign 0070,[DGS] WAIT FOR SIGN 0070
[DGS] Translate Sign 0071,[DGS] TRANSLATE SIGN 0071
[DGS] Wait for Sign 0072,[DGS] WAIT FOR SIGN 0072
[DGS] Translate Sign 0072,[DGS] TRANSLATE SIGN 0072
[DGS] Repeat Sign 0073,[DGS] REPEAT SIGN 0073
[DGS] Translate Sign 0073,[DGS] TRANSLATE SIGN 0073
[DGS] Show me Sign 0073,[DGS] SHOW ME SIGN 0073
[DGS] This is Sign 0074,[DGS] THIS SIGN 0074
[DGS] Translate Sign 0074,[DGS] TRANSLATE SIGN 0074
[DGS] Learn Sign 0075,[DGS] LEARN SIGN 0075
[DGS] Wait for Sign 0075,[DGS] WAIT FOR SIGN 0075
[DGS] This is Sign 0076,[DGS] THIS SIGN 0076
[DGS] What is Sign 0076?,[DGS] WHAT SIGN 0076?
[DGS] Translate Sign 0077,[DGS] TRANSLATE SIGN 0077
[DGS] Learn Sign 0078,[DGS] LEARN SIGN 0078
[DGS] What is Sign 0079?,[DGS] WHAT SIGN 0079?
[DGS] Can you sign Sign 0079?,[DGS] CAN YOU SIGN SIGN 0079?
[DGS] Translate Sign 0080,[DGS] TRANSLATE SIGN 0080
[DGS] I like Sign 0080,[DGS] I LIKE SIGN 0080
[DGS] Learn Sign 0081,[DGS] LEARN SIGN 0081
[DGS] Wait for Sign 0081,[DGS] WAIT FOR SIGN 0081
[DGS] I like Sign 0081,[DGS] I LIKE SIGN 0081
[DGS] Learn Sign 0082,[DGS] LEARN SIGN 0082
[DGS] Learn Sign 0083,[DGS] LEARN SIGN 0083
[DGS] Show me Sign 0084,[DGS] SHOW ME SIGN 0084
[DGS] Learn Sign 0084,[DGS] LEARN SIGN 0084
[DGS] Repeat Sign 0085,[DGS] REPEAT SIGN 0085
[DGS] This is Sign 0085,[DGS] THIS SIGN 0085
[DGS] Wait for Sign 0086,[DGS] WAIT FOR SIGN 0086
[DGS] Repeat Sign 0086,[DGS] REPEAT SIGN 0086
[DGS] Translate Sign 0086,[DGS] TRANSLATE SIGN 0086
[DGS] Repeat Sign 0087,[DGS] REPEAT SIGN 0087
[DGS] See Sign 0088,[DGS] SEE SIGN 0088
[DGS] I like Sign 0088,[DGS] I LIKE SIGN 0088
[DGS] Translate Sign 0089,[DGS] TRANSLATE SIGN 0089
[DGS] See Sign 0090,[DGS] SEE SIGN 0090
[DGS] Can you sign Sign 0091?,[DGS] CAN YOU SIGN SIGN 0091?
[DGS] See Sign 0092,[DGS] SEE SIGN 0092
[DGS] This is Sign 0092,[DGS] THIS SIGN 0092
[DGS] Show me Sign 0093,[DGS] SHOW ME SIGN 0093
[DGS] Learn Sign 0093,[DGS] LEARN SIGN 0093
[DGS] What is Sign 0093?,[DGS] WHAT SIGN 0093?
[DGS] What is Sign 0094?,[DGS] WHAT SIGN 0094?
[DGS] Can you sign Sign 0094?,[DGS] CAN YOU SIGN SIGN 0094?
[DGS] Learn Sign 0094,[DGS] LEARN SIGN 0094
[DGS] I like Sign 0095,[DGS] I LIKE SIGN 0095
[DGS] Translate Sign 0097,[DGS] TRANSLATE SIGN 0097
[DGS] What is Sign 0097?,[DGS] WHAT SIGN 0097?
[DGS] Show me Sign 0098,[DGS] SHOW ME SIGN 0098
[DGS] Translate Sign 0098,[DGS] TRANSLATE SIGN 0098
[DGS] See Sign 0098,[DGS] SEE SIGN 0098
[DGS] Repeat Sign 0099,[DGS] REPEAT SIGN 0099
[DGS] Wait for Sign 0099,[DGS] WAIT FOR SIGN 0099
[DGS] This is Sign 0099,[DGS] THIS SIGN 0099
[DGS] Learn Sign 0000,[DGS] LEARN SIGN 0000
[DGS] What is Sign 0001?,[DGS] WHAT SIGN 0001?
[DGS] See Sign 0001,[DGS] SEE SIGN 0001
[DGS] I like Sign 0003,[DGS] I LIKE SIGN 0003
[DGS] Can you sign Sign 0005?,[DGS] CAN YOU SIGN SIGN 0005?
[DGS] Translate Sign 0005,[DGS] TRANSLATE SIGN 0005
[DGS] Wait for Sign 0006,[DGS] WAIT FOR SIGN 0006
[DGS] Can you sign Sign 0006?,[DGS] CAN YOU SIGN SIGN 0006?
[DGS] Learn Sign 0007,[DGS] LEARN SIGN 0007
[DGS] Repeat Sign 0008,[DGS] REPEAT SIGN 0008
[DGS] What is Sign 0009?,[DGS] WHAT SIGN 0009?
[DGS] Translate Sign 0009,[DGS] TRANSLATE SIGN 0009
[DGS] Repeat Sign 0009,[DGS] REPEAT SIGN 0009
[DGS] Translate Sign 0010,[DGS] TRANSLATE SIGN 0010
[DGS] What is Sign 0010?,[DGS] WHAT SIGN 0010?
[DGS] What is Sign 0011?,[DGS] WHAT SIGN 0011?
[DGS] Translate Sign 0011,[DGS] TRANSLATE SIGN 0011
[DGS] Show me Sign 0012,[DGS] SHOW ME SIGN 0012
[DGS] Show me Sign 0013,[DGS] SHOW ME SIGN 0013
[DGS] Learn Sign 0013,[DGS] LEARN SIGN 0013
[DGS] See Sign 0014,[DGS] SEE SIGN 0014
[DGS] Can you sign Sign 0014?,[DGS] CAN YOU SIGN SIGN 0014?
[DGS] See Sign 0015,[DGS] SEE SIGN 0015
[DGS] Learn Sign 0016,[DGS] LEARN SIGN 0016
[DGS] Translate Sign 0017,[DGS] TRANSLATE SIGN 0017
[DGS] Can you sign Sign 0020?,[DGS] CAN YOU SIGN SIGN 0020?
[DGS] See Sign 0021,[DGS] SEE SIGN 0021
[DGS] Wait for Sign 0022,[DGS] WAIT FOR SIGN 0022
[DGS] Learn Sign 0022,[DGS] LEARN SIGN 0022
[DGS] Can you sign Sign 0023?,[DGS] CAN YOU SIGN SIGN 0023?
[DGS] I like Sign 0023,[DGS] I LIKE SIGN 0023
[DGS] Wait for Sign 0023,[DGS] WAIT FOR SIGN 0023
[DGS] I like Sign 0024,[DGS] I LIKE SIGN 0024
[DGS] Translate Sign 0025,[DGS] TRANSLATE SIGN 0025
[DGS] Can you sign Sign 0026?,[DGS] CAN YOU SIGN SIGN 0026?
[DGS] This is Sign 0027,[DGS] THIS SIGN 0027
[DGS] Show me Sign 0027,[DGS] SHOW ME SIGN 0027
[DGS] Repeat Sign 0028,[DGS] REPEAT SIGN 0028
[DGS] Can you sign Sign 0028?,[DGS] CAN YOU SIGN SIGN 0028?
[DGS] Show me Sign 0029,[DGS] SHOW ME SIGN 0029
[DGS] Translate Sign 0029,[DGS] TRANSLATE SIGN 0029
[DGS] See Sign 0030,[DGS] SEE SIGN 0030
[DGS] Wait for Sign 0032,[DGS] WAIT FOR SIGN 0032
[DGS] Translate Sign 0033,[DGS] TRANSLATE SIGN 0033
[DGS] See Sign 0033,[DGS] SEE SIGN 0033
[DGS] Wait for Sign 0034,[DGS] WAIT FOR SIGN 0034
[DGS] Repeat Sign 0035,[DGS] REPEAT SIGN 0035
[DGS] Wait for Sign 0036,[DGS] WAIT FOR SIGN 0036
[DGS] Repeat Sign 0037,[DGS] REPEAT SIGN 0037
[DGS] Can you sign Sign 0037?,[DGS] CAN YOU SIGN SIGN 0037?
[DGS] What is Sign 0038?,[DGS] WHAT SIGN 0038?
[DGS] Repeat Sign 0040,[DGS] REPEAT SIGN 0040
[DGS] I like Sign 0040,[DGS] I LIKE SIGN 0040
[DGS] Learn Sign 0041,[DGS] LEARN SIGN 0041
[DGS] See Sign 0041,[DGS] SEE SIGN 0041
[DGS] I like Sign 0042,[DGS] I LIKE SIGN 0042
[DGS] Learn Sign 0042,[DGS] LEARN SIGN 0042
[DGS] See Sign 0043,[DGS] SEE SIGN 0043
[DGS] Learn Sign 0043,[DGS] LEARN SIGN 0043
[DGS] I like Sign 0045,[DGS] I LIKE SIGN 0045
[DGS] Can you sign Sign 0045?,[DGS] CAN YOU SIGN SIGN 0045?
[DGS] Translate Sign 0046,[DGS] TRANSLATE SIGN 0046
[DGS] Wait for Sign 0047,[DGS] WAIT FOR SIGN 0047
[DGS] See Sign 0047,[DGS] SEE SIGN 0047
[DGS] Translate Sign 0048,[DGS] TRANSLATE SIGN 0048
[DGS] What is Sign 0048?,[DGS] WHAT SIGN 0048?
[DGS] This is Sign 0050,[DGS] THIS SIGN 0050
[DGS] Can you sign Sign 0051?,[DGS] CAN YOU SIGN SIGN 0051?
[DGS] See Sign 0051,[DGS] SEE SIGN 0051
[DGS] Show me Sign 0053,[DGS] SHOW ME SIGN 0053
[DGS] This is Sign 0053,[DGS] THIS SIGN 0053
[DGS] Can you sign Sign 0055?,[DGS] CAN YOU SIGN SIGN 0055?
[DGS] See Sign 0057,[DGS] SEE SIGN 0057
[DGS] Wait for Sign 0058,[DGS] WAIT FOR SIGN 0058
[DGS] Repeat Sign 0059,[DGS] REPEAT SIGN 0059
[DGS] Learn Sign 0059,[DGS] LEARN SIGN 0059
[DGS] This is Sign 0060,[DGS] THIS SIGN 0060
[DGS] Learn Sign 0061,[DGS] LEARN SIGN 0061
[DGS] See Sign 0061,[DGS] SEE SIGN 0061
[DGS] See Sign 0063,[DGS] SEE SIGN 0063
[DGS] I like Sign 0063,[DGS] I LIKE SIGN 0063
[DGS] I like Sign 0064,[DGS] I LIKE SIGN 0064
[DGS] Repeat Sign 0065,[DGS] REPEAT SIGN 0065
[DGS] Learn Sign 0066,[DGS] LEARN SIGN 0066
[DGS] Translate Sign 0067,[DGS] TRANSLATE SIGN 0067
[DGS] Can you sign Sign 0067?,[DGS] CAN YOU SIGN SIGN 0067?
[DGS] Repeat Sign 0068,[DGS] REPEAT SIGN 0068
[DGS] This is Sign 0068,[DGS] THIS SIGN 0068
[DGS] Can you sign Sign 0069?,[DGS] CAN YOU SIGN SIGN 0069?
[DGS] What is Sign 0069?,[DGS] WHAT SIGN 0069?
[DGS] Learn Sign 0070,[DGS] LEARN SIGN 0070
[DGS] What is Sign 0072?,[DGS] WHAT SIGN 0072?
[DGS] Can you sign Sign 0072?,[DGS] CAN YOU SIGN SIGN 0072?
[DGS] Can you sign Sign 0074?,[DGS] CAN YOU SIGN SIGN 0074?
[DGS] What is Sign 0075?,[DGS] WHAT SIGN 0075?
[DGS] I like Sign 0075,[DGS] I LIKE SIGN 0075
[DGS] Translate Sign 0076,[DGS] TRANSLATE SIGN 0076
[DGS] Learn Sign 0076,[DGS] LEARN SIGN 0076
[DGS] Wait for Sign 0077,[DGS] WAIT FOR SIGN 0077
[DGS] Wait for Sign 0078,[DGS] WAIT FOR SIGN 0078
[DGS] Learn Sign 0079,[DGS] LEARN SIGN 0079
[DGS] Learn Sign 0080,[DGS] LEARN SIGN 0080
[DGS] Repeat Sign 0081,[DGS] REPEAT SIGN 0081
[DGS] This is Sign 0082,[DGS] THIS SIGN 0082
[DGS] I like Sign 0082,[DGS] I LIKE SIGN 0082
[DGS] What is Sign 0084?,[DGS] WHAT SIGN 0084?
[DGS] Learn Sign 0085,[DGS] LEARN SIGN 0085
[DGS] Wait for Sign 0085,[DGS] WAIT FOR SIGN 0085
[DGS] What is Sign 0085?,[DGS] WHAT SIGN 0085?
[DGS] Learn Sign 0086,[DGS] LEARN SIGN 0086
[DGS] Show me Sign 0086,[DGS] SHOW ME SIGN 0086
[DGS] Show me Sign 0087,[DGS] SHOW ME SIGN 0087
[DGS] Wait for Sign 0088,[DGS] WAIT FOR SIGN 0088
[DGS] Translate Sign 0088,[DGS] TRANSLATE SIGN 0088
[DGS] Wait for Sign 0089,[DGS] WAIT FOR SIGN 0089
[DGS] I like Sign 0089,[DGS] I LIKE SIGN 0089
[DGS] See Sign 0089,[DGS] SEE SIGN 0089
[DGS] What is Sign 0090?,[DGS] WHAT SIGN 0090?
[DGS] What is Sign 0091?,[DGS] WHAT SIGN 0091?
[DGS] Wait for Sign 0091,[DGS] WAIT FOR SIGN 0091
[DGS] Translate Sign 0092,[DGS] TRANSLATE SIGN 0092
[DGS] What is Sign 0092?,[DGS] WHAT SIGN 0092?
[DGS] This is Sign 0093,[DGS] THIS SIGN 0093
[DGS] I like Sign 0093,[DGS] I LIKE SIGN 0093
[DGS] Translate Sign 0094,[DGS] TRANSLATE SIGN 0094
[DGS] Wait for Sign 0096,[DGS] WAIT FOR SIGN 0096
[DGS] Can you sign Sign 0096?,[DGS] CAN YOU SIGN SIGN 0096?
[DGS] I like Sign 0096,[DGS] I LIKE SIGN 0096
[DGS] I like Sign 0097,[DGS] I LIKE SIGN 0097
[DGS] Show me Sign 0097,[DGS] SHOW ME SIGN 0097
[DGS] This is Sign 0098,[DGS] THIS SIGN 0098
[DGS] What is Sign 0099?,[DGS] WHAT SIGN 0099?
[DGS] Repeat Sign 0001,[DGS] REPEAT SIGN 0001
[DGS] Wait for Sign 0001,[DGS] WAIT FOR SIGN 0001
[DGS] What is Sign 0002?,[DGS] WHAT SIGN 0002?
[DGS] I like Sign 0004,[DGS] I LIKE SIGN 0004
[DGS] I like Sign 0005,[DGS] I LIKE SIGN 0005
[DGS] This is Sign 0005,[DGS] THIS SIGN 0005
[DGS] See Sign 0007,[DGS] SEE SIGN 0007
[DGS] Can you sign Sign 0007?,[DGS] CAN YOU SIGN SIGN 0007?
[DGS] Translate Sign 0008,[DGS] TRANSLATE SIGN 0008
[DGS] Wait for Sign 0008,[DGS] WAIT FOR SIGN 0008
[DGS] Wait for Sign 0009,[DGS] WAIT FOR SIGN 0009
[DGS] See Sign 0011,[DGS] SEE SIGN 0011
[DGS] This is Sign 0013,[DGS] THIS SIGN 0013
[DGS] Repeat Sign 0014,[DGS] REPEAT SIGN 0014
[DGS] This is Sign 0015,[DGS] THIS SIGN 0015
[DGS] See Sign 0016,[DGS] SEE SIGN 0016
[DGS] Wait for Sign 0017,[DGS] WAIT FOR SIGN 0017
[DGS] Wait for Sign 0018,[DGS] WAIT FOR SIGN 0018
[DGS] What is Sign 0018?,[DGS] WHAT SIGN 0018?
[DGS] Can you sign Sign 0019?,[DGS] CAN YOU SIGN SIGN 0019?
[DGS] See Sign 0019,[DGS] SEE SIGN 0019
[DGS] See Sign 0022,[DGS] SEE SIGN 0022
[DGS] Can you sign Sign 0024?,[DGS] CAN YOU SIGN SIGN 0024?
[DGS] Wait for Sign 0025,[DGS] WAIT FOR SIGN 0025
[DGS] This is Sign 0026,[DGS] THIS SIGN 0026
[DGS] Learn Sign 0027,[DGS] LEARN SIGN 0027
[DGS] See Sign 0028,[DGS] SEE SIGN 0028
[DGS] This is Sign 0028,[DGS] THIS SIGN 0028
[DGS] This is Sign 0029,[DGS] THIS SIGN 0029
[DGS] Translate Sign 0030,[DGS] TRANSLATE SIGN 0030
[DGS] Wait for Sign 0031,[DGS] WAIT FOR SIGN 0031
[DGS] Wait for Sign 0033,[DGS] WAIT FOR SIGN 0033
[DGS] Repeat Sign 0033,[DGS] REPEAT SIGN 0033
[DGS] This is Sign 0034,[DGS] THIS SIGN 0034
[DGS] Can you sign Sign 0034?,[DGS] CAN YOU SIGN SIGN 0034?
[DGS] Wait for Sign 0035,[DGS] WAIT FOR SIGN 0035
[DGS] Learn Sign 0036,[DGS] LEARN SIGN 0036
[DGS] Wait for Sign 0038,[DGS] WAIT FOR SIGN 0038
[DGS] Translate Sign 0038,[DGS] TRANSLATE SIGN 0038
[DGS] Translate Sign 0040,[DGS] TRANSLATE SIGN 0040
[DGS] I like Sign 0041,[DGS] I LIKE SIGN 0041
[DGS] This is Sign 0042,[DGS] THIS SIGN 0042
[DGS] I like Sign 0043,[DGS] I LIKE SIGN 0043
[DGS] What is Sign 0045?,[DGS] WHAT SIGN 0045?
[DGS] Repeat Sign 0046,[DGS] REPEAT SIGN 0046
[DGS] Wait for Sign 0046,[DGS] WAIT FOR SIGN 0046
[DGS] Learn Sign 0047,[DGS] LEARN SIGN 0047
[DGS] I like Sign 0048,[DGS] I LIKE SIGN 0048
[DGS] Can you sign Sign 0050?,[DGS] CAN YOU SIGN SIGN 0050?
[DGS] Show me Sign 0050,[DGS] SHOW ME SIGN 0050
[DGS] This is Sign 0051,[DGS] THIS SIGN 0051
[DGS] Repeat Sign 0052,[DGS] REPEAT SIGN 0052
[DGS] Show me Sign 0052,[DGS] SHOW ME SIGN 0052
[DGS] Learn Sign 0052,[DGS] LEARN SIGN 0052
[DGS] See Sign 0053,[DGS] SEE SIGN 0053
[DGS] Can you sign Sign 0053?,[DGS] CAN YOU SIGN SIGN 0053?
[DGS] I like Sign 0054,[DGS] I LIKE SIGN 0054
[DGS] Learn Sign 0055,[DGS] LEARN SIGN 0055
[DGS] I like Sign 0056,[DGS] I LIKE SIGN 0056
[DGS] I like Sign 0057,[DGS] I LIKE SIGN 0057
[DGS] Repeat Sign 0057,[DGS] REPEAT SIGN 0057
[DGS] Translate Sign 0059,[DGS] TRANSLATE SIGN 0059
[DGS] I like Sign 0060,[DGS] I LIKE SIGN 0060
[DGS] I like Sign 0061,[DGS] I LIKE SIGN 0061
[DGS] Show me Sign 0062,[DGS] SHOW ME SIGN 0062
[DGS] I like Sign 0062,[DGS] I LIKE SIGN 0062
[DGS] Show me Sign 0063,[DGS] SHOW ME SIGN 0063
[DGS] Translate Sign 0064,[DGS] TRANSLATE SIGN 0064
[DGS] Translate Sign 0068,[DGS] TRANSLATE SIGN 0068
[DGS] What is Sign 0068?,[DGS] WHAT SIGN 0068?
[DGS] Learn Sign 0069,[DGS] LEARN SIGN 0069
[DGS] Translate Sign 0070,[DGS] TRANSLATE SIGN 0070
[DGS] This is Sign 0070,[DGS] THIS SIGN 0070
[DGS] Can you sign Sign 0071?,[DGS] CAN YOU SIGN SIGN 0071?
[DGS] Repeat Sign 0071,[DGS] REPEAT SIGN 0071
[DGS] Show me Sign 0072,[DGS] SHOW ME SIGN 0072
[DGS] See Sign 0072,[DGS] SEE SIGN 0072
[DGS] What is Sign 0073?,[DGS] WHAT SIGN 0073?
[DGS] What is Sign 0074?,[DGS] WHAT SIGN 0074?
[DGS] See Sign 0075,[DGS] SEE SIGN 0075
[DGS] See Sign 0076,[DGS] SEE SIGN 0076
[DGS] I like Sign 0077,[DGS] I LIKE SIGN 0077
[DGS] Translate Sign 0079,[DGS] TRANSLATE SIGN 0079
[DGS] Can you sign Sign 0080?,[DGS] CAN YOU SIGN SIGN 0080?
[DGS] Show me Sign 0080,[DGS] SHOW ME SIGN 0080
[DGS] Repeat Sign 0080,[DGS] REPEAT SIGN 0080
[DGS] Can you sign Sign 0081?,[DGS] CAN YOU SIGN SIGN 0081?
[DGS] Repeat Sign 0082,[DGS] REPEAT SIGN 0082
[DGS] Wait for Sign 0082,[DGS] WAIT FOR SIGN 0082
[DGS] This is Sign 0083,[DGS] THIS SIGN 0083
[DGS] What is Sign 0083?,[DGS] WHAT SIGN 0083?
[DGS] I like Sign 0085,[DGS] I LIKE SIGN 0085
[DGS] Learn Sign 0088,[DGS] LEARN SIGN 0088
[DGS] I like Sign 0090,[DGS] I LIKE SIGN 0090
[DGS] I like Sign 0091,[DGS] I LIKE SIGN 0091
[DGS] Show me Sign 0092,[DGS] SHOW ME SIGN 0092
[DGS] Can you sign Sign 0093?,[DGS] CAN YOU SIGN SIGN 0093?
[DGS] Repeat Sign 0093,[DGS] REPEAT SIGN 0093
[DGS] This is Sign 0094,[DGS] THIS SIGN 0094
[DGS] Show me Sign 0095,[DGS] SHOW ME SIGN 0095
[DGS] Learn Sign 0096,[DGS] LEARN SIGN 0096
[DGS] See Sign 0097,[DGS] SEE SIGN 0097
[DGS] I like Sign 0098,[DGS] I LIKE SIGN 0098
[DGS] Can you sign Sign 0002?,[DGS] CAN YOU SIGN SIGN 0002?
[DGS] Show me Sign 0005,[DGS] SHOW ME SIGN 0005
[DGS] I like Sign 0008,[DGS] I LIKE SIGN 0008
[DGS] See Sign 0010,[DGS] SEE SIGN 0010
[DGS] Repeat Sign 0011,[DGS] REPEAT SIGN 0011
[DGS] See Sign 0012,[DGS] SEE SIGN 0012
[DGS] What is Sign 0012?,[DGS] WHAT SIGN 0012?
[DGS] Wait for Sign 0012,[DGS] WAIT FOR SIGN 0012
[DGS] Translate Sign 0015,[DGS] TRANSLATE SIGN 0015
[DGS] I like Sign 0015,[DGS] I LIKE SIGN 0015
[DGS] Show me Sign 0016,[DGS] SHOW ME SIGN 0016
[DGS] Can you sign Sign 0017?,[DGS] CAN YOU SIGN SIGN 0017?
[DGS] This is Sign 0019,[DGS] THIS SIGN 0019
[DGS] Show me Sign 0020,[DGS] SHOW ME SIGN 0020
[DGS] Repeat Sign 0021,[DGS] REPEAT SIGN 0021
[DGS] What is Sign 0022?,[DGS] WHAT SIGN 0022?
[DGS] Show me Sign 0024,[DGS] SHOW ME SIGN 0024
[DGS] What is Sign 0025?,[DGS] WHAT SIGN 0025?
[DGS] Wait for Sign 0026,[DGS] WAIT FOR SIGN 0026
[DGS] What is Sign 0028?,[DGS] WHAT SIGN 0028?
[DGS] Learn Sign 0029,[DGS] LEARN SIGN 0029
[DGS] Show me Sign 0031,[DGS] SHOW ME SIGN 0031
[DGS] I like Sign 0032,[DGS] I LIKE SIGN 0032
[DGS] Repeat Sign 0032,[DGS] REPEAT SIGN 0032
[DGS] Translate Sign 0034,[DGS] TRANSLATE SIGN 0034
[DGS] This is Sign 0035,[DGS] THIS SIGN 0035
[DGS] Translate Sign 0036,[DGS] TRANSLATE SIGN 0036
[DGS] I like Sign 0036,[DGS] I LIKE SIGN 0036
[DGS] Wait for Sign 0037,[DGS] WAIT FOR SIGN 0037
[DGS] See Sign 0037,[DGS] SEE SIGN 0037
[DGS] I like Sign 0038,[DGS] I LIKE SIGN 0038
[DGS] Wait for Sign 0039,[DGS] WAIT FOR SIGN 0039
[DGS] Translate Sign 0042,[DGS] TRANSLATE SIGN 0042
[DGS] Repeat Sign 0043,[DGS] REPEAT SIGN 0043
[DGS] Can you sign Sign 0044?,[DGS] CAN YOU SIGN SIGN 0044?
[DGS] Learn Sign 0044,[DGS] LEARN SIGN 0044
[DGS] Wait for Sign 0045,[DGS] WAIT FOR SIGN 0045
[DGS] Show me Sign 0051,[DGS] SHOW ME SIGN 0051
[DGS] Wait for Sign 0053,[DGS] WAIT FOR SIGN 0053
[DGS] Show me Sign 0054,[DGS] SHOW ME SIGN 0054
[DGS] Learn Sign 0054,[DGS] LEARN SIGN 0054
[DGS] What is Sign 0055?,[DGS] WHAT SIGN 0055?
[DGS] Translate Sign 0056,[DGS] TRANSLATE SIGN 0056
[DGS] Repeat Sign 0058,[DGS] REPEAT SIGN 0058
[DGS] Show me Sign 0058,[DGS] SHOW ME SIGN 0058
[DGS] Wait for Sign 0059,[DGS] WAIT FOR SIGN 0059
[DGS] Wait for Sign 0064,[DGS] WAIT FOR SIGN 0064
[DGS] I like Sign 0065,[DGS] I LIKE SIGN 0065
[DGS] Learn Sign 0065,[DGS] LEARN SIGN 0065
[DGS] What is Sign 0066?,[DGS] WHAT SIGN 0066?
[DGS] Repeat Sign 0069,[DGS] REPEAT SIGN 0069
[DGS] What is Sign 0071?,[DGS] WHAT SIGN 0071?
[DGS] Wait for Sign 0073,[DGS] WAIT FOR SIGN 0073
[DGS] Learn Sign 0073,[DGS] LEARN SIGN 0073
[DGS] Can you sign Sign 0075?,[DGS] CAN YOU SIGN SIGN 0075?
[DGS] I like Sign 0076,[DGS] I LIKE SIGN 0076
[DGS] Repeat Sign 0077,[DGS] REPEAT SIGN 0077
[DGS] What is Sign 0078?,[DGS] WHAT SIGN 0078?
[DGS] What is Sign 0080?,[DGS] WHAT SIGN 0080?
[DGS] See Sign 0081,[DGS] SEE SIGN 0081
[DGS] Can you sign Sign 0082?,[DGS] CAN YOU SIGN SIGN 0082?
[DGS] Can you sign Sign 0083?,[DGS] CAN YOU SIGN SIGN 0083?
[DGS] Translate Sign 0083,[DGS] TRANSLATE SIGN 0083
[DGS] Repeat Sign 0084,[DGS] REPEAT SIGN 0084
[DGS] See Sign 0086,[DGS] SEE SIGN 0086
[DGS] Wait for Sign 0087,[DGS] WAIT FOR SIGN 0087
[DGS] Can you sign Sign 0088?,[DGS] CAN YOU SIGN SIGN 0088?
[DGS] I like Sign 0094,[DGS] I LIKE SIGN 0094
[DGS] Learn Sign 0095,[DGS] LEARN SIGN 0095
[DGS] See Sign 0096,[DGS] SEE SIGN 0096
[DGS] Can you sign Sign 0098?,[DGS] CAN YOU SIGN SIGN 0098?
[DGS] Learn Sign 0099,[DGS] LEARN SIGN 0099
[DGS] I like Sign 0099,[DGS] I LIKE SIGN 0099
[DGS] See Sign 0000,[DGS] SEE SIGN 0000
[DGS] Show me Sign 0000,[DGS] SHOW ME SIGN 0000
[DGS] Learn Sign 0002,[DGS] LEARN SIGN 0002
[DGS] Translate Sign 0003,[DGS] TRANSLATE SIGN 0003
[DGS] Show me Sign 0004,[DGS] SHOW ME SIGN 0004
[DGS] Translate Sign 0004,[DGS] TRANSLATE SIGN 0004
[DGS] This is Sign 0008,[DGS] THIS SIGN 0008
[DGS] I like Sign 0014,[DGS] I LIKE SIGN 0014
[DGS] Wait for Sign 0016,[DGS] WAIT FOR SIGN 0016
[DGS] This is Sign 0017,[DGS] THIS SIGN 0017
[DGS] Learn Sign 0021,[DGS] LEARN SIGN 0021
[DGS] What is Sign 0023?,[DGS] WHAT SIGN 0023?
[DGS] Translate Sign 0024,[DGS] TRANSLATE SIGN 0024
[DGS] I like Sign 0025,[DGS] I LIKE SIGN 0025
[DGS] I like Sign 0026,[DGS] I LIKE SIGN 0026
[DGS] Wait for Sign 0027,[DGS] WAIT FOR SIGN 0027
[DGS] See Sign 0027,[DGS] SEE SIGN 0027
[DGS] Repeat Sign 0031,[DGS] REPEAT SIGN 0031
[DGS] Translate Sign 0037,[DGS] TRANSLATE SIGN 0037
[DGS] Translate Sign 0039,[DGS] TRANSLATE SIGN 0039
[DGS] Wait for Sign 0043,[DGS] WAIT FOR SIGN 0043
[DGS] This is Sign 0046,[DGS] THIS SIGN 0046
[DGS] What is Sign 0047?,[DGS] WHAT SIGN 0047?
[DGS] I like Sign 0049,[DGS] I LIKE SIGN 0049
[DGS] What is Sign 0051?,[DGS] WHAT SIGN 0051?
[DGS] See Sign 0052,[DGS] SEE SIGN 0052
[DGS] Can you sign Sign 0054?,[DGS] CAN YOU SIGN SIGN 0054?
[DGS] Translate Sign 0055,[DGS] TRANSLATE SIGN 0055
[DGS] See Sign 0056,[DGS] SEE SIGN 0056
[DGS] Learn Sign 0056,[DGS] LEARN SIGN 0056
[DGS] This is Sign 0059,[DGS] THIS SIGN 0059
[DGS] What is Sign 0060?,[DGS] WHAT SIGN 0060?
[DGS] What is Sign 0062?,[DGS] WHAT SIGN 0062?
[DGS] Can you sign Sign 0064?,[DGS] CAN YOU SIGN SIGN 0064?
[DGS] Wait for Sign 0066,[DGS] WAIT FOR SIGN 0066
[DGS] Can you sign Sign 0066?,[DGS] CAN YOU SIGN SIGN 0066?
[DGS] Learn Sign 0067,[DGS] LEARN SIGN 0067
[DGS] See Sign 0068,[DGS] SEE SIGN 0068
[DGS] What is Sign 0070?,[DGS] WHAT SIGN 0070?
[DGS] This is Sign 0071,[DGS] THIS SIGN 0071
[DGS] I like Sign 0073,[DGS] I LIKE SIGN 0073
[DGS] Repeat Sign 0075,[DGS] REPEAT SIGN 0075
[DGS] Show me Sign 0082,[DGS] SHOW ME SIGN 0082
[DGS] See Sign 0083,[DGS] SEE SIGN 0083
[DGS] Can you sign Sign 0084?,[DGS] CAN YOU SIGN SIGN 0084?
[DGS] See Sign 0087,[DGS] SEE SIGN 0087
[DGS] Learn Sign 0087,[DGS] LEARN SIGN 0087
[DGS] What is Sign 0089?,[DGS] WHAT SIGN 0089?
[DGS] Wait for Sign 0090,[DGS] WAIT FOR SIGN 0090
[DGS] Show me Sign 0091,[DGS] SHOW ME SIGN 0091
[DGS] Wait for Sign 0092,[DGS] WAIT FOR SIGN 0092
[DGS] Repeat Sign 0003,[DGS] REPEAT SIGN 0003
[DGS] Repeat Sign 0004,[DGS] REPEAT SIGN 0004
[DGS] What is Sign 0006?,[DGS] WHAT SIGN 0006?
[DGS] Translate Sign 0006,[DGS] TRANSLATE SIGN 0006
[DGS] I like Sign 0010,[DGS] I LIKE SIGN 0010
[DGS] Can you sign Sign 0011?,[DGS] CAN YOU SIGN SIGN 0011?
[DGS] This is Sign 0011,[DGS] THIS SIGN 0011
[DGS] Wait for Sign 0015,[DGS] WAIT FOR SIGN 0015
[DGS] This is Sign 0020,[DGS] THIS SIGN 0020
[DGS] Can you sign Sign 0021?,[DGS] CAN YOU SIGN SIGN 0021?
[DGS] Learn Sign 0023,[DGS] LEARN SIGN 0023
[DGS] This is Sign 0031,[DGS] THIS SIGN 0031
[DGS] Translate Sign 0032,[DGS] TRANSLATE SIGN 0032
[DGS] What is Sign 0033?,[DGS] WHAT SIGN 0033?
[DGS] Show me Sign 0034,[DGS] SHOW ME SIGN 0034
[DGS] I like Sign 0035,[DGS] I LIKE SIGN 0035
[DGS] What is Sign 0036?,[DGS] WHAT SIGN 0036?
[DGS] This is Sign 0037,[DGS] THIS SIGN 0037
[DGS] Repeat Sign 0038,[DGS] REPEAT SIGN 0038
[DGS] What is Sign 0041?,[DGS] WHAT SIGN 0041?
[DGS] Repeat Sign 0045,[DGS] REPEAT SIGN 0045
[DGS] See Sign 0048,[DGS] SEE SIGN 0048
[DGS] Wait for Sign 0049,[DGS] WAIT FOR SIGN 0049
[DGS] Show me Sign 0055,[DGS] SHOW ME SIGN 0055
[DGS] Learn Sign 0060,[DGS] LEARN SIGN 0060
[DGS] Can you sign Sign 0061?,[DGS] CAN YOU SIGN SIGN 0061?
[DGS] Translate Sign 0062,[DGS] TRANSLATE SIGN 0062
[DGS] Repeat Sign 0063,[DGS] REPEAT SIGN 0063
[DGS] This is Sign 0065,[DGS] THIS SIGN 0065
[DGS] Can you sign Sign 0068?,[DGS] CAN YOU SIGN SIGN 0068?
[DGS] Show me Sign 0078,[DGS] SHOW ME SIGN 0078
[DGS] Wait for Sign 0079,[DGS] WAIT FOR SIGN 0079
[DGS] See Sign 0084,[DGS] SEE SIGN 0084
[DGS] What is Sign 0086?,[DGS] WHAT SIGN 0086?
[DGS] This is Sign 0087,[DGS] THIS SIGN 0087
[DGS] Repeat Sign 0092,[DGS] REPEAT SIGN 0092
[DGS] Show me Sign 0099,[DGS] SHOW ME SIGN 0099
[DGS] What is Sign 0003?,[DGS] WHAT SIGN 0003?
[DGS] Can you sign Sign 0016?,[DGS] CAN YOU SIGN SIGN 0016?
[DGS] What is Sign 0020?,[DGS] WHAT SIGN 0020?
[DGS] Repeat Sign 0039,[DGS] REPEAT SIGN 0039
[DGS] What is Sign 0044?,[DGS] WHAT SIGN 0044?
[DGS] Can you sign Sign 0048?,[DGS] CAN YOU SIGN SIGN 0048?
[DGS] This is Sign 0049,[DGS] THIS SIGN 0049
[DGS] Repeat Sign 0055,[DGS] REPEAT SIGN 0055
[DGS] Translate Sign 0058,[DGS] TRANSLATE SIGN 0058
[DGS] What is Sign 0063?,[DGS] WHAT SIGN 0063?
[DGS] This is Sign 0072,[DGS] THIS SIGN 0072
[DGS] Can you sign Sign 0078?,[DGS] CAN YOU SIGN SIGN 0078?
[DGS] I like Sign 0083,[DGS] I LIKE SIGN 0083
[DGS] Translate Sign 0087,[DGS] TRANSLATE SIGN 0087
[DGS] See Sign 0095,[DGS] SEE SIGN 0095
[DGS] Translate Sign 0096,[DGS] TRANSLATE SIGN 0096
[DGS] Wait for Sign 0097,[DGS] WAIT FOR SIGN 0097
[DGS] Learn Sign 0098,[DGS] LEARN SIGN 0098
[DGS] Wait for Sign 0007,[DGS] WAIT FOR SIGN 0007
[DGS] Show me Sign 0017,[DGS] SHOW ME SIGN 0017
[DGS] Translate Sign 0018,[DGS] TRANSLATE SIGN 0018
[DGS] Repeat Sign 0019,[DGS] REPEAT SIGN 0019
[DGS] Show me Sign 0022,[DGS] SHOW ME SIGN 0022
[DGS] This is Sign 0057,[DGS] THIS SIGN 0057
[DGS] Show me Sign 0067,[DGS] SHOW ME SIGN 0067
[DGS] Repeat Sign 0074,[DGS] REPEAT SIGN 0074
[DGS] Repeat Sign 0078,[DGS] REPEAT SIGN 0078
[DGS] Show me Sign 0081,[DGS] SHOW ME SIGN 0081
[DGS] Show me Sign 0085,[DGS] SHOW ME SIGN 0085
[DGS] What is Sign 0088?,[DGS] WHAT SIGN 0088?
[DGS] Repeat Sign 0091,[DGS] REPEAT SIGN 0091
[DGS] Repeat Sign 0097,[DGS] REPEAT SIGN 0097
[DGS] Repeat Sign 0002,[DGS] REPEAT SIGN 0002
[DGS] What is Sign 0015?,[DGS] WHAT SIGN 0015?
[DGS] Repeat Sign 0029,[DGS] REPEAT SIGN 0029
[DGS] This is Sign 0064,[DGS] THIS SIGN 0064
[DGS] Wait for Sign 0094,[DGS] WAIT FOR SIGN 0094
[DGS] See Sign 0046,[DGS] SEE SIGN 0046
[DGS] Show me Sign 0079,[DGS] SHOW ME SIGN 0079
[DGS] Can you sign Sign 0000?,[DGS] CAN YOU SIGN SIGN 0000?
[DGS] Repeat Sign 0007,[DGS] REPEAT SIGN 0007
[DGS] See Sign 0020,[DGS] SEE SIGN 0020
[DGS] Learn Sign 0030,[DGS] LEARN SIGN 0030
[DGS] See Sign 0074,[DGS] SEE SIGN 0074
[DGS] Show me Sign 0064,[DGS] SHOW ME SIGN 0064
[DGS] Repeat Sign 0013,[DGS] REPEAT SIGN 0013
[DGS] Show me Sign 0056,[DGS] SHOW ME SIGN 0056
[DGS] See Sign 0013,[DGS] SEE SIGN 0013
[DGS] Show me Sign 0048,[DGS] SHOW ME SIGN 0048
[DGS] Show me Sign 0071,[DGS] SHOW ME SIGN 0071
[DGS] Can you sign Sign 0076?,[DGS] CAN YOU SIGN SIGN 0076?
[DGS] Wait for Sign 0095,[DGS] WAIT FOR SIGN 0095
[DGS] What is Sign 0052?,[DGS] WHAT SIGN 0052?
[DGS] What is Sign 0017?,[DGS] WHAT SIGN 0017?
[DGS] See Sign 0066,[DGS] SEE SIGN 0066
[TSL] See Sign 0000,[TSL] SEE SIGN 0000
[TSL] I like Sign 0000,[TSL] I LIKE SIGN 0000
[TSL] Repeat Sign 0000,[TSL] REPEAT SIGN 0000
[TSL] Learn Sign 0001,[TSL] LEARN SIGN 0001
[TSL] Can you sign Sign 0001?,[TSL] CAN YOU SIGN SIGN 0001?
[TSL] Show me Sign 0001,[TSL] SHOW ME SIGN 0001
[TSL] Translate Sign 0002,[TSL] TRANSLATE SIGN 0002
[TSL] I like Sign 0002,[TSL] I LIKE SIGN 0002
[TSL] Repeat Sign 0002,[TSL] REPEAT SIGN 0002
[TSL] Can you sign Sign 0003?,[TSL] CAN YOU SIGN SIGN 0003?
[TSL] Wait for Sign 0003,[TSL] WAIT FOR SIGN 0003
[TSL] What is Sign 0003?,[TSL] WHAT SIGN 0003?
[TSL] Can you sign Sign 0004?,[TSL] CAN YOU SIGN SIGN 0004?
[TSL] Show me Sign 0004,[TSL] SHOW ME SIGN 0004
[TSL] See Sign 0004,[TSL] SEE SIGN 0004
[TSL] Learn Sign 0005,[TSL] LEARN SIGN 0005
[TSL] Can you sign Sign 0005?,[TSL] CAN YOU SIGN SIGN 0005?
[TSL] Repeat Sign 0005,[TSL] REPEAT SIGN 0005
[TSL] Show me Sign 0006,[TSL] SHOW ME SIGN 0006
[TSL] This is Sign 0006,[TSL] THIS SIGN 0006
[TSL] I like Sign 0006,[TSL] I LIKE SIGN 0006
[TSL] Repeat Sign 0007,[TSL] REPEAT SIGN 0007
[TSL] What is Sign 0007?,[TSL] WHAT SIGN 0007?
[TSL] I like Sign 0007,[TSL] I LIKE SIGN 0007
[TSL] Translate Sign 0008,[TSL] TRANSLATE SIGN 0008
[TSL] Show me Sign 0008,[TSL] SHOW ME SIGN 0008
[TSL] I like Sign 0008,[TSL] I LIKE SIGN 0008
[TSL] Learn Sign 0009,[TSL] LEARN SIGN 0009
[TSL] See Sign 0009,[TSL] SEE SIGN 0009
[TSL] Show me Sign 0010,[TSL] SHOW ME SIGN 0010
[TSL] Translate Sign 0010,[TSL] TRANSLATE SIGN 0010
[TSL] Show me Sign 0011,[TSL] SHOW ME SIGN 0011
[TSL] Repeat Sign 0011,[TSL] REPEAT SIGN 0011
[TSL] Show me Sign 0012,[TSL] SHOW ME SIGN 0012
[TSL] Can you sign Sign 0012?,[TSL] CAN YOU SIGN SIGN 0012?
[TSL] Repeat Sign 0012,[TSL] REPEAT SIGN 0012
[TSL] Translate Sign 0013,[TSL] TRANSLATE SIGN 0013
[TSL] Wait for Sign 0013,[TSL] WAIT FOR SIGN 0013
[TSL] What is Sign 0013?,[TSL] WHAT SIGN 0013?
[TSL] What is Sign 0014?,[TSL] WHAT SIGN 0014?
[TSL] I like Sign 0015,[TSL] I LIKE SIGN 0015
[TSL] What is Sign 0015?,[TSL] WHAT SIGN 0015?
[TSL] See Sign 0015,[TSL] SEE SIGN 0015
[TSL] Translate Sign 0016,[TSL] TRANSLATE SIGN 0016
[TSL] Can you sign Sign 0016?,[TSL] CAN YOU SIGN SIGN 0016?
[TSL] This is Sign 0017,[TSL] THIS SIGN 0017
[TSL] See Sign 0017,[TSL] SEE SIGN 0017
[TSL] Show me Sign 0017,[TSL] SHOW ME SIGN 0017
[TSL] Wait for Sign 0018,[TSL] WAIT FOR SIGN 0018
[TSL] Translate Sign 0018,[TSL] TRANSLATE SIGN 0018
[TSL] I like Sign 0018,[TSL] I LIKE SIGN 0018
[TSL] This is Sign 0019,[TSL] THIS SIGN 0019
[TSL] What is Sign 0019?,[TSL] WHAT SIGN 0019?
[TSL] Wait for Sign 0020,[TSL] WAIT FOR SIGN 0020
[TSL] Learn Sign 0020,[TSL] LEARN SIGN 0020
[TSL] I like Sign 0020,[TSL] I LIKE SIGN 0020
[TSL] See Sign 0021,[TSL] SEE SIGN 0021
[TSL] I like Sign 0021,[TSL] I LIKE SIGN 0021
[TSL] Can you sign Sign 0022?,[TSL] CAN YOU SIGN SIGN 0022?
[TSL] What is Sign 0022?,[TSL] WHAT SIGN 0022?
[TSL] Repeat Sign 0022,[TSL] REPEAT SIGN 0022
[TSL] What is Sign 0023?,[TSL] WHAT SIGN 0023?
[TSL] Translate Sign 0023,[TSL] TRANSLATE SIGN 0023
[TSL] Show me Sign 0024,[TSL] SHOW ME SIGN 0024
[TSL] Can you sign Sign 0024?,[TSL] CAN YOU SIGN SIGN 0024?
[TSL] See Sign 0024,[TSL] SEE SIGN 0024
[TSL] Can you sign Sign 0025?,[TSL] CAN YOU SIGN SIGN 0025?
[TSL] Learn Sign 0025,[TSL] LEARN SIGN 0025
[TSL] Show me Sign 0025,[TSL] SHOW ME SIGN 0025
[TSL] Wait for Sign 0026,[TSL] WAIT FOR SIGN 0026
[TSL] Translate Sign 0026,[TSL] TRANSLATE SIGN 0026
[TSL] I like Sign 0026,[TSL] I LIKE SIGN 0026
[TSL] Show me Sign 0027,[TSL] SHOW ME SIGN 0027
[TSL] Wait for Sign 0027,[TSL] WAIT FOR SIGN 0027
[TSL] Learn Sign 0027,[TSL] LEARN SIGN 0027
[TSL] Learn Sign 0028,[TSL] LEARN SIGN 0028
[TSL] This is Sign 0028,[TSL] THIS SIGN 0028
[TSL] Show me Sign 0028,[TSL] SHOW ME SIGN 0028
[TSL] This is Sign 0029,[TSL] THIS SIGN 0029
[TSL] Translate Sign 0029,[TSL] TRANSLATE SIGN 0029
[TSL] Can you sign Sign 0029?,[TSL] CAN YOU SIGN SIGN 0029?
[TSL] What is Sign 0030?,[TSL] WHAT SIGN 0030?
[TSL] Repeat Sign 0030,[TSL] REPEAT SIGN 0030
[TSL] Show me Sign 0030,[TSL] SHOW ME SIGN 0030
[TSL] What is Sign 0031?,[TSL] WHAT SIGN 0031?
[TSL] See Sign 0031,[TSL] SEE SIGN 0031
[TSL] Wait for Sign 0031,[TSL] WAIT FOR SIGN 0031
[TSL] What is Sign 0032?,[TSL] WHAT SIGN 0032?
[TSL] See Sign 0032,[TSL] SEE SIGN 0032
[TSL] Can you sign Sign 0033?,[TSL] CAN YOU SIGN SIGN 0033?
[TSL] Translate Sign 0033,[TSL] TRANSLATE SIGN 0033
[TSL] Show me Sign 0034,[TSL] SHOW ME SIGN 0034
[TSL] What is Sign 0034?,[TSL] WHAT SIGN 0034?
[TSL] Learn Sign 0034,[TSL] LEARN SIGN 0034
[TSL] This is Sign 0035,[TSL] THIS SIGN 0035
[TSL] Show me Sign 0035,[TSL] SHOW ME SIGN 0035
[TSL] Can you sign Sign 0035?,[TSL] CAN YOU SIGN SIGN 0035?
[TSL] Translate Sign 0036,[TSL] TRANSLATE SIGN 0036
[TSL] Repeat Sign 0036,[TSL] REPEAT SIGN 0036
[TSL] Learn Sign 0036,[TSL] LEARN SIGN 0036
[TSL] Wait for Sign 0037,[TSL] WAIT FOR SIGN 0037
[TSL] See Sign 0037,[TSL] SEE SIGN 0037
[TSL] Translate Sign 0037,[TSL] TRANSLATE SIGN 0037
[TSL] Wait for Sign 0038,[TSL] WAIT FOR SIGN 0038
[TSL] Repeat Sign 0038,[TSL] REPEAT SIGN 0038
[TSL] Translate Sign 0038,[TSL] TRANSLATE SIGN 0038
[TSL] I like Sign 0039,[TSL] I LIKE SIGN 0039
[TSL] Translate Sign 0039,[TSL] TRANSLATE SIGN 0039
[TSL] What is Sign 0039?,[TSL] WHAT SIGN 0039?
[TSL] Translate Sign 0040,[TSL] TRANSLATE SIGN 0040
[TSL] This is Sign 0040,[TSL] THIS SIGN 0040
[TSL] What is Sign 0040?,[TSL] WHAT SIGN 0040?
[TSL] Wait for Sign 0041,[TSL] WAIT FOR SIGN 0041
[TSL] What is Sign 0041?,[TSL] WHAT SIGN 0041?
[TSL] I like Sign 0041,[TSL] I LIKE SIGN 0041
[TSL] Learn Sign 0042,[TSL] LEARN SIGN 0042
[TSL] Wait for Sign 0042,[TSL] WAIT FOR SIGN 0042
[TSL] Show me Sign 0042,[TSL] SHOW ME SIGN 0042
[TSL] See Sign 0043,[TSL] SEE SIGN 0043
[TSL] Repeat Sign 0043,[TSL] REPEAT SIGN 0043
[TSL] Can you sign Sign 0043?,[TSL] CAN YOU SIGN SIGN 0043?
[TSL] Can you sign Sign 0044?,[TSL] CAN YOU SIGN SIGN 0044?
[TSL] Learn Sign 0044,[TSL] LEARN SIGN 0044
[TSL] Translate Sign 0044,[TSL] TRANSLATE SIGN 0044
[TSL] Show me Sign 0045,[TSL] SHOW ME SIGN 0045
[TSL] See Sign 0045,[TSL] SEE SIGN 0045
[TSL] Can you sign Sign 0045?,[TSL] CAN YOU SIGN SIGN 0045?
[TSL] I like Sign 0046,[TSL] I LIKE SIGN 0046
[TSL] Learn Sign 0046,[TSL] LEARN SIGN 0046
[TSL] Can you sign Sign 0046?,[TSL] CAN YOU SIGN SIGN 0046?
[TSL] What is Sign 0047?,[TSL] WHAT SIGN 0047?
[TSL] Translate Sign 0047,[TSL] TRANSLATE SIGN 0047
[TSL] See Sign 0047,[TSL] SEE SIGN 0047
[TSL] Wait for Sign 0048,[TSL] WAIT FOR SIGN 0048
[TSL] What is Sign 0048?,[TSL] WHAT SIGN 0048?
[TSL] This is Sign 0048,[TSL] THIS SIGN 0048
[TSL] Wait for Sign 0049,[TSL] WAIT FOR SIGN 0049
[TSL] What is Sign 0049?,[TSL] WHAT SIGN 0049?
[TSL] Learn Sign 0049,[TSL] LEARN SIGN 0049
[TSL] I like Sign 0050,[TSL] I LIKE SIGN 0050
[TSL] Repeat Sign 0050,[TSL] REPEAT SIGN 0050
[TSL] Wait for Sign 0050,[TSL] WAIT FOR SIGN 0050
[TSL] Translate Sign 0051,[TSL] TRANSLATE SIGN 0051
[TSL] Can you sign Sign 0052?,[TSL] CAN YOU SIGN SIGN 0052?
[TSL] Wait for Sign 0052,[TSL] WAIT FOR SIGN 0052
[TSL] I like Sign 0053,[TSL] I LIKE SIGN 0053
[TSL] Show me Sign 0053,[TSL] SHOW ME SIGN 0053
[TSL] Translate Sign 0053,[TSL] TRANSLATE SIGN 0053
[TSL] What is Sign 0054?,[TSL] WHAT SIGN 0054?
[TSL] See Sign 0054,[TSL] SEE SIGN 0054
[TSL] I like Sign 0054,[TSL] I LIKE SIGN 0054
[TSL] This is Sign 0055,[TSL] THIS SIGN 0055
[TSL] What is Sign 0055?,[TSL] WHAT SIGN 0055?
[TSL] Learn Sign 0056,[TSL] LEARN SIGN 0056
[TSL] This is Sign 0056,[TSL] THIS SIGN 0056
[TSL] Show me Sign 0056,[TSL] SHOW ME SIGN 0056
[TSL] See Sign 0057,[TSL] SEE SIGN 0057
[TSL] Repeat Sign 0057,[TSL] REPEAT SIGN 0057
[TSL] See Sign 0058,[TSL] SEE SIGN 0058
[TSL] Show me Sign 0058,[TSL] SHOW ME SIGN 0058
[TSL] I like Sign 0058,[TSL] I LIKE SIGN 0058
[TSL] This is Sign 0059,[TSL] THIS SIGN 0059
[TSL] Translate Sign 0059,[TSL] TRANSLATE SIGN 0059
[TSL] I like Sign 0059,[TSL] I LIKE SIGN 0059
[TSL] Learn Sign 0060,[TSL] LEARN SIGN 0060
[TSL] Wait for Sign 0060,[TSL] WAIT FOR SIGN 0060
[TSL] What is Sign 0061?,[TSL] WHAT SIGN 0061?
[TSL] Translate Sign 0061,[TSL] TRANSLATE SIGN 0061
[TSL] Repeat Sign 0061,[TSL] REPEAT SIGN 0061
[TSL] I like Sign 0062,[TSL] I LIKE SIGN 0062
[TSL] This is Sign 0062,[TSL] THIS SIGN 0062
[TSL] Show me Sign 0062,[TSL] SHOW ME SIGN 0062
[TSL] See Sign 0063,[TSL] SEE SIGN 0063
[TSL] Wait for Sign 0063,[TSL] WAIT FOR SIGN 0063
[TSL] Learn Sign 0063,[TSL] LEARN SIGN 0063
[TSL] Learn Sign 0064,[TSL] LEARN SIGN 0064
[TSL] What is Sign 0064?,[TSL] WHAT SIGN 0064?
[TSL] This is Sign 0064,[TSL] THIS SIGN 0064
[TSL] See Sign 0065,[TSL] SEE SIGN 0065
[TSL] I like Sign 0065,[TSL] I LIKE SIGN 0065
[TSL] Can you sign Sign 0066?,[TSL] CAN YOU SIGN SIGN 0066?
[TSL] What is Sign 0066?,[TSL] WHAT SIGN 0066?
[TSL] Wait for Sign 0066,[TSL] WAIT FOR SIGN 0066
[TSL] Can you sign Sign 0067?,[TSL] CAN YOU SIGN SIGN 0067?
[TSL] See Sign 0067,[TSL] SEE SIGN 0067
[TSL] Learn Sign 0067,[TSL] LEARN SIGN 0067
[TSL] Translate Sign 0068,[TSL] TRANSLATE SIGN 0068
[TSL] What is Sign 0069?,[TSL] WHAT SIGN 0069?
[TSL] This is Sign 0069,[TSL] THIS SIGN 0069
[TSL] I like Sign 0069,[TSL] I LIKE SIGN 0069
[TSL] I like Sign 0070,[TSL] I LIKE SIGN 0070
[TSL] Wait for Sign 0070,[TSL] WAIT FOR SIGN 0070
[TSL] Repeat Sign 0071,[TSL] REPEAT SIGN 0071
[TSL] Show me Sign 0071,[TSL] SHOW ME SIGN 0071
[TSL] Wait for Sign 0071,[TSL] WAIT FOR SIGN 0071
[TSL] Learn Sign 0072,[TSL] LEARN SIGN 0072
[TSL] See Sign 0072,[TSL] SEE SIGN 0072
[TSL] This is Sign 0073,[TSL] THIS SIGN 0073
[TSL] See Sign 0074,[TSL] SEE SIGN 0074
[TSL] Translate Sign 0074,[TSL] TRANSLATE SIGN 0074
[TSL] Learn Sign 0074,[TSL] LEARN SIGN 0074
[TSL] Show me Sign 0075,[TSL] SHOW ME SIGN 0075
[TSL] Translate Sign 0075,[TSL] TRANSLATE SIGN 0075
[TSL] Wait for Sign 0076,[TSL] WAIT FOR SIGN 0076
[TSL] Learn Sign 0076,[TSL] LEARN SIGN 0076
[TSL] Translate Sign 0076,[TSL] TRANSLATE SIGN 0076
[TSL] Can you sign Sign 0077?,[TSL] CAN YOU SIGN SIGN 0077?
[TSL] What is Sign 0077?,[TSL] WHAT SIGN 0077?
[TSL] This is Sign 0077,[TSL] THIS SIGN 0077
[TSL] Translate Sign 0078,[TSL] TRANSLATE SIGN 0078
[TSL] This is Sign 0078,[TSL] THIS SIGN 0078
[TSL] I like Sign 0078,[TSL] I LIKE SIGN 0078
[TSL] What is Sign 0079?,[TSL] WHAT SIGN 0079?
[TSL] Can you sign Sign 0079?,[TSL] CAN YOU SIGN SIGN 0079?
[TSL] This is Sign 0080,[TSL] THIS SIGN 0080
[TSL] See Sign 0080,[TSL] SEE SIGN 0080
[TSL] Learn Sign 0080,[TSL] LEARN SIGN 0080
[TSL] I like Sign 0081,[TSL] I LIKE SIGN 0081
[TSL] Show me Sign 0081,[TSL] SHOW ME SIGN 0081
[TSL] See Sign 0081,[TSL] SEE SIGN 0081
[TSL] Wait for Sign 0082,[TSL] WAIT FOR SIGN 0082
[TSL] This is Sign 0082,[TSL] THIS SIGN 0082
[TSL] Translate Sign 0082,[TSL] TRANSLATE SIGN 0082
[TSL] Show me Sign 0083,[TSL] SHOW ME SIGN 0083
[TSL] What is Sign 0083?,[TSL] WHAT SIGN 0083?
[TSL] Repeat Sign 0083,[TSL] REPEAT SIGN 0083
[TSL] Repeat Sign 0084,[TSL] REPEAT SIGN 0084
[TSL] This is Sign 0084,[TSL] THIS SIGN 0084
[TSL] Translate Sign 0084,[TSL] TRANSLATE SIGN 0084
[TSL] Repeat Sign 0085,[TSL] REPEAT SIGN 0085
[TSL] Learn Sign 0085,[TSL] LEARN SIGN 0085
[TSL] What is Sign 0085?,[TSL] WHAT SIGN 0085?
[TSL] This is Sign 0086,[TSL] THIS SIGN 0086
[TSL] Repeat Sign 0086,[TSL] REPEAT SIGN 0086
[TSL] Translate Sign 0086,[TSL] TRANSLATE SIGN 0086
[TSL] I like Sign 0087,[TSL] I LIKE SIGN 0087
[TSL] Show me Sign 0087,[TSL] SHOW ME SIGN 0087
[TSL] Can you sign Sign 0088?,[TSL] CAN YOU SIGN SIGN 0088?
[TSL] Translate Sign 0088,[TSL] TRANSLATE SIGN 0088
[TSL] This is Sign 0088,[TSL] THIS SIGN 0088
[TSL] I like Sign 0089,[TSL] I LIKE SIGN 0089
[TSL] Repeat Sign 0089,[TSL] REPEAT SIGN 0089
[TSL] This is Sign 0089,[TSL] THIS SIGN 0089
[TSL] Show me Sign 0090,[TSL] SHOW ME SIGN 0090
[TSL] What is Sign 0090?,[TSL] WHAT SIGN 0090?
[TSL] See Sign 0091,[TSL] SEE SIGN 0091
[TSL] Learn Sign 0092,[TSL] LEARN SIGN 0092
[TSL] Show me Sign 0093,[TSL] SHOW ME SIGN 0093
[TSL] Can you sign Sign 0093?,[TSL] CAN YOU SIGN SIGN 0093?
[TSL] See Sign 0094,[TSL] SEE SIGN 0094
[TSL] What is Sign 0094?,[TSL] WHAT SIGN 0094?
[TSL] Wait for Sign 0094,[TSL] WAIT FOR SIGN 0094
[TSL] See Sign 0095,[TSL] SEE SIGN 0095
[TSL] Wait for Sign 0095,[TSL] WAIT FOR SIGN 0095
[TSL] Wait for Sign 0096,[TSL] WAIT FOR SIGN 0096
[TSL] Repeat Sign 0096,[TSL] REPEAT SIGN 0096
[TSL] I like Sign 0096,[TSL] I LIKE SIGN 0096
[TSL] I like Sign 0097,[TSL] I LIKE SIGN 0097
[TSL] Show me Sign 0097,[TSL] SHOW ME SIGN 0097
[TSL] Can you sign Sign 0097?,[TSL] CAN YOU SIGN SIGN 0097?
[TSL] See Sign 0098,[TSL] SEE SIGN 0098
[TSL] What is Sign 0098?,[TSL] WHAT SIGN 0098?
[TSL] Wait for Sign 0098,[TSL] WAIT FOR SIGN 0098
[TSL] What is Sign 0099?,[TSL] WHAT SIGN 0099?
[TSL] Can you sign Sign 0099?,[TSL] CAN YOU SIGN SIGN 0099?
[TSL] Repeat Sign 0099,[TSL] REPEAT SIGN 0099
[TSL] Learn Sign 0000,[TSL] LEARN SIGN 0000
[TSL] This is Sign 0001,[TSL] THIS SIGN 0001
[TSL] Learn Sign 0002,[TSL] LEARN SIGN 0002
[TSL] What is Sign 0002?,[TSL] WHAT SIGN 0002?
[TSL] This is Sign 0003,[TSL] THIS SIGN 0003
[TSL] What is Sign 0004?,[TSL] WHAT SIGN 0004?
[TSL] This is Sign 0004,[TSL] THIS SIGN 0004
[TSL] I like Sign 0004,[TSL] I LIKE SIGN 0004
[TSL] This is Sign 0005,[TSL] THIS SIGN 0005
[TSL] Wait for Sign 0006,[TSL] WAIT FOR SIGN 0006
[TSL] Translate Sign 0006,[TSL] TRANSLATE SIGN 0006
[TSL] Can you sign Sign 0006?,[TSL] CAN YOU SIGN SIGN 0006?
[TSL] Wait for Sign 0007,[TSL] WAIT FOR SIGN 0007
[TSL] Show me Sign 0007,[TSL] SHOW ME SIGN 0007
[TSL] See Sign 0008,[TSL] SEE SIGN 0008
[TSL] Learn Sign 0008,[TSL] LEARN SIGN 0008
[TSL] I like Sign 0010,[TSL] I LIKE SIGN 0010
[TSL] See Sign 0010,[TSL] SEE SIGN 0010
[TSL] Can you sign Sign 0011?,[TSL] CAN YOU SIGN SIGN 0011?
[TSL] Wait for Sign 0011,[TSL] WAIT FOR SIGN 0011
[TSL] What is Sign 0011?,[TSL] WHAT SIGN 0011?
[TSL] This is Sign 0012,[TSL] THIS SIGN 0012
[TSL] Translate Sign 0012,[TSL] TRANSLATE SIGN 0012
[TSL] Show me Sign 0013,[TSL] SHOW ME SIGN 0013
[TSL] See Sign 0013,[TSL] SEE SIGN 0013
[TSL] Show me Sign 0014,[TSL] SHOW ME SIGN 0014
[TSL] Wait for Sign 0014,[TSL] WAIT FOR SIGN 0014
[TSL] Learn Sign 0015,[TSL] LEARN SIGN 0015
[TSL] Show me Sign 0015,[TSL] SHOW ME SIGN 0015
[TSL] What is Sign 0016?,[TSL] WHAT SIGN 0016?
[TSL] Show me Sign 0016,[TSL] SHOW ME SIGN 0016
[TSL] Learn Sign 0016,[TSL] LEARN SIGN 0016
[TSL] What is Sign 0018?,[TSL] WHAT SIGN 0018?
[TSL] Show me Sign 0018,[TSL] SHOW ME SIGN 0018
[TSL] Repeat Sign 0019,[TSL] REPEAT SIGN 0019
[TSL] Can you sign Sign 0019?,[TSL] CAN YOU SIGN SIGN 0019?
[TSL] What is Sign 0020?,[TSL] WHAT SIGN 0020?
[TSL] See Sign 0020,[TSL] SEE SIGN 0020
[TSL] Learn Sign 0021,[TSL] LEARN SIGN 0021
[TSL] Translate Sign 0021,[TSL] TRANSLATE SIGN 0021
[TSL] This is Sign 0022,[TSL] THIS SIGN 0022
[TSL] Learn Sign 0023,[TSL] LEARN SIGN 0023
[TSL] Repeat Sign 0024,[TSL] REPEAT SIGN 0024
[TSL] What is Sign 0024?,[TSL] WHAT SIGN 0024?
[TSL] I like Sign 0025,[TSL] I LIKE SIGN 0025
[TSL] What is Sign 0025?,[TSL] WHAT SIGN 0025?
[TSL] What is Sign 0026?,[TSL] WHAT SIGN 0026?
[TSL] Show me Sign 0026,[TSL] SHOW ME SIGN 0026
[TSL] This is Sign 0026,[TSL] THIS SIGN 0026
[TSL] This is Sign 0027,[TSL] THIS SIGN 0027
[TSL] Repeat Sign 0027,[TSL] REPEAT SIGN 0027
[TSL] What is Sign 0028?,[TSL] WHAT SIGN 0028?
[TSL] See Sign 0029,[TSL] SEE SIGN 0029
[TSL] Learn Sign 0029,[TSL] LEARN SIGN 0029
[TSL] Show me Sign 0029,[TSL] SHOW ME SIGN 0029
[TSL] I like Sign 0030,[TSL] I LIKE SIGN 0030
[TSL] Translate Sign 0030,[TSL] TRANSLATE SIGN 0030
[TSL] Can you sign Sign 0031?,[TSL] CAN YOU SIGN SIGN 0031?
[TSL] Learn Sign 0031,[TSL] LEARN SIGN 0031
[TSL] I like Sign 0031,[TSL] I LIKE SIGN 0031
[TSL] This is Sign 0032,[TSL] THIS SIGN 0032
[TSL] Show me Sign 0033,[TSL] SHOW ME SIGN 0033
[TSL] This is Sign 0034,[TSL] THIS SIGN 0034
[TSL] Repeat Sign 0034,[TSL] REPEAT SIGN 0034
[TSL] Can you sign Sign 0034?,[TSL] CAN YOU SIGN SIGN 0034?
[TSL] Learn Sign 0035,[TSL] LEARN SIGN 0035
[TSL] What is Sign 0036?,[TSL] WHAT SIGN 0036?
[TSL] Wait for Sign 0036,[TSL] WAIT FOR SIGN 0036
[TSL] Can you sign Sign 0037?,[TSL] CAN YOU SIGN SIGN 0037?
[TSL] This is Sign 0037,[TSL] THIS SIGN 0037
[TSL] I like Sign 0037,[TSL] I LIKE SIGN 0037
[TSL] Can you sign Sign 0038?,[TSL] CAN YOU SIGN SIGN 0038?
[TSL] Show me Sign 0039,[TSL] SHOW ME SIGN 0039
[TSL] Show me Sign 0040,[TSL] SHOW ME SIGN 0040
[TSL] What is Sign 0042?,[TSL] WHAT SIGN 0042?
[TSL] See Sign 0042,[TSL] SEE SIGN 0042
[TSL] Repeat Sign 0042,[TSL] REPEAT SIGN 0042
[TSL] Learn Sign 0043,[TSL] LEARN SIGN 0043
[TSL] What is Sign 0044?,[TSL] WHAT SIGN 0044?
[TSL] I like Sign 0044,[TSL] I LIKE SIGN 0044
[TSL] This is Sign 0045,[TSL] THIS SIGN 0045
[TSL] Translate Sign 0046,[TSL] TRANSLATE SIGN 0046
[TSL] See Sign 0046,[TSL] SEE SIGN 0046
[TSL] I like Sign 0047,[TSL] I LIKE SIGN 0047
[TSL] Can you sign Sign 0047?,[TSL] CAN YOU SIGN SIGN 0047?
[TSL] I like Sign 0048,[TSL] I LIKE SIGN 0048
[TSL] Can you sign Sign 0048?,[TSL] CAN YOU SIGN SIGN 0048?
[TSL] This is Sign 0049,[TSL] THIS SIGN 0049
[TSL] Can you sign Sign 0049?,[TSL] CAN YOU SIGN SIGN 0049?
[TSL] See Sign 0049,[TSL] SEE SIGN 0049
[TSL] Repeat Sign 0051,[TSL] REPEAT SIGN 0051
[TSL] See Sign 0052,[TSL] SEE SIGN 0052
[TSL] What is Sign 0052?,[TSL] WHAT SIGN 0052?
[TSL] Can you sign Sign 0053?,[TSL] CAN YOU SIGN SIGN 0053?
[TSL] What is Sign 0053?,[TSL] WHAT SIGN 0053?
[TSL] This is Sign 0054,[TSL] THIS SIGN 0054
[TSL] Repeat Sign 0054,[TSL] REPEAT SIGN 0054
[TSL] Can you sign Sign 0054?,[TSL] CAN YOU SIGN SIGN 0054?
[TSL] Learn Sign 0055,[TSL] LEARN SIGN 0055
[TSL] Wait for Sign 0056,[TSL] WAIT FOR SIGN 0056
[TSL] What is Sign 0057?,[TSL] WHAT SIGN 0057?
[TSL] What is Sign 0058?,[TSL] WHAT SIGN 0058?
[TSL] This is Sign 0058,[TSL] THIS SIGN 0058
[TSL] Learn Sign 0059,[TSL] LEARN SIGN 0059
[TSL] Can you sign Sign 0059?,[TSL] CAN YOU SIGN SIGN 0059?
[TSL] Show me Sign 0059,[TSL] SHOW ME SIGN 0059
[TSL] What is Sign 0060?,[TSL] WHAT SIGN 0060?
[TSL] Can you sign Sign 0060?,[TSL] CAN YOU SIGN SIGN 0060?
[TSL] Learn Sign 0061,[TSL] LEARN SIGN 0061
[TSL] Wait for Sign 0061,[TSL] WAIT FOR SIGN 0061
[TSL] Repeat Sign 0062,[TSL] REPEAT SIGN 0062
[TSL] See Sign 0062,[TSL] SEE SIGN 0062
[TSL] I like Sign 0063,[TSL] I LIKE SIGN 0063
[TSL] This is Sign 0063,[TSL] THIS SIGN 0063
[TSL] I like Sign 0064,[TSL] I LIKE SIGN 0064
[TSL] Can you sign Sign 0065?,[TSL] CAN YOU SIGN SIGN 0065?
[TSL] Translate Sign 0065,[TSL] TRANSLATE SIGN 0065
[TSL] Translate Sign 0066,[TSL] TRANSLATE SIGN 0066
[TSL] Show me Sign 0066,[TSL] SHOW ME SIGN 0066
[TSL] Learn Sign 0066,[TSL] LEARN SIGN 0066
[TSL] Show me Sign 0067,[TSL] SHOW ME SIGN 0067
[TSL] Translate Sign 0067,[TSL] TRANSLATE SIGN 0067
[TSL] Wait for Sign 0068,[TSL] WAIT FOR SIGN 0068
[TSL] Wait for Sign 0069,[TSL] WAIT FOR SIGN 0069
[TSL] Learn Sign 0069,[TSL] LEARN SIGN 0069
[TSL] See Sign 0071,[TSL] SEE SIGN 0071
[TSL] Translate Sign 0071,[TSL] TRANSLATE SIGN 0071
[TSL] Can you sign Sign 0071?,[TSL] CAN YOU SIGN SIGN 0071?
[TSL] I like Sign 0072,[TSL] I LIKE SIGN 0072
[TSL] Can you sign Sign 0073?,[TSL] CAN YOU SIGN SIGN 0073?
[TSL] What is Sign 0073?,[TSL] WHAT SIGN 0073?
[TSL] Show me Sign 0074,[TSL] SHOW ME SIGN 0074
[TSL] What is Sign 0074?,[TSL] WHAT SIGN 0074?
[TSL] Learn Sign 0075,[TSL] LEARN SIGN 0075
[TSL] Repeat Sign 0075,[TSL] REPEAT SIGN 0075
[TSL] I like Sign 0075,[TSL] I LIKE SIGN 0075
[TSL] Can you sign Sign 0076?,[TSL] CAN YOU SIGN SIGN 0076?
[TSL] This is Sign 0076,[TSL] THIS SIGN 0076
[TSL] Show me Sign 0076,[TSL] SHOW ME SIGN 0076
[TSL] I like Sign 0077,[TSL] I LIKE SIGN 0077
[TSL] See Sign 0077,[TSL] SEE SIGN 0077
[TSL] Repeat Sign 0077,[TSL] REPEAT SIGN 0077
[TSL] Show me Sign 0078,[TSL] SHOW ME SIGN 0078
[TSL] See Sign 0078,[TSL] SEE SIGN 0078
[TSL] Translate Sign 0079,[TSL] TRANSLATE SIGN 0079
[TSL] Show me Sign 0079,[TSL] SHOW ME SIGN 0079
[TSL] Wait for Sign 0079,[TSL] WAIT FOR SIGN 0079
[TSL] What is Sign 0081?,[TSL] WHAT SIGN 0081?
[TSL] This is Sign 0081,[TSL] THIS SIGN 0081
[TSL] What is Sign 0082?,[TSL] WHAT SIGN 0082?
[TSL] Can you sign Sign 0082?,[TSL] CAN YOU SIGN SIGN 0082?
[TSL] This is Sign 0083,[TSL] THIS SIGN 0083
[TSL] Wait for Sign 0083,[TSL] WAIT FOR SIGN 0083
[TSL] I like Sign 0083,[TSL] I LIKE SIGN 0083
[TSL] I like Sign 0084,[TSL] I LIKE SIGN 0084
[TSL] Can you sign Sign 0085?,[TSL] CAN YOU SIGN SIGN 0085?
[TSL] This is Sign 0085,[TSL] THIS SIGN 0085
[TSL] Translate Sign 0085,[TSL] TRANSLATE SIGN 0085
[TSL] Learn Sign 0086,[TSL] LEARN SIGN 0086
[TSL] Wait for Sign 0087,[TSL] WAIT FOR SIGN 0087
[TSL] Learn Sign 0087,[TSL] LEARN SIGN 0087
[TSL] Show me Sign 0088,[TSL] SHOW ME SIGN 0088
[TSL] See Sign 0088,[TSL] SEE SIGN 0088
[TSL] Wait for Sign 0088,[TSL] WAIT FOR SIGN 0088
[TSL] Learn Sign 0089,[TSL] LEARN SIGN 0089
[TSL] See Sign 0089,[TSL] SEE SIGN 0089
[TSL] What is Sign 0089?,[TSL] WHAT SIGN 0089?
[TSL] See Sign 0090,[TSL] SEE SIGN 0090
[TSL] Learn Sign 0090,[TSL] LEARN SIGN 0090
[TSL] I like Sign 0091,[TSL] I LIKE SIGN 0091
[TSL] What is Sign 0092?,[TSL] WHAT SIGN 0092?
[TSL] Show me Sign 0092,[TSL] SHOW ME SIGN 0092
[TSL] See Sign 0093,[TSL] SEE SIGN 0093
[TSL] What is Sign 0093?,[TSL] WHAT SIGN 0093?
[TSL] Learn Sign 0094,[TSL] LEARN SIGN 0094
[TSL] Repeat Sign 0094,[TSL] REPEAT SIGN 0094
[TSL] This is Sign 0095,[TSL] THIS SIGN 0095
[TSL] Can you sign Sign 0095?,[TSL] CAN YOU SIGN SIGN 0095?
[TSL] Show me Sign 0095,[TSL] SHOW ME SIGN 0095
[TSL] What is Sign 0096?,[TSL] WHAT SIGN 0096?
[TSL] Translate Sign 0097,[TSL] TRANSLATE SIGN 0097
[TSL] This is Sign 0097,[TSL] THIS SIGN 0097
[TSL] Wait for Sign 0097,[TSL] WAIT FOR SIGN 0097
[TSL] Translate Sign 0098,[TSL] TRANSLATE SIGN 0098
[TSL] I like Sign 0098,[TSL] I LIKE SIGN 0098
[TSL] I like Sign 0099,[TSL] I LIKE SIGN 0099
[TSL] Show me Sign 0099,[TSL] SHOW ME SIGN 0099
[TSL] Wait for Sign 0000,[TSL] WAIT FOR SIGN 0000
[TSL] Wait for Sign 0001,[TSL] WAIT FOR SIGN 0001
[TSL] See Sign 0002,[TSL] SEE SIGN 0002
[TSL] This is Sign 0002,[TSL] THIS SIGN 0002
[TSL] Translate Sign 0003,[TSL] TRANSLATE SIGN 0003
[TSL] See Sign 0003,[TSL] SEE SIGN 0003
[TSL] Translate Sign 0004,[TSL] TRANSLATE SIGN 0004
[TSL] Show me Sign 0005,[TSL] SHOW ME SIGN 0005
[TSL] Translate Sign 0005,[TSL] TRANSLATE SIGN 0005
[TSL] Repeat Sign 0006,[TSL] REPEAT SIGN 0006
[TSL] Learn Sign 0006,[TSL] LEARN SIGN 0006
[TSL] Can you sign Sign 0007?,[TSL] CAN YOU SIGN SIGN 0007?
[TSL] This is Sign 0009,[TSL] THIS SIGN 0009
[TSL] Can you sign Sign 0009?,[TSL] CAN YOU SIGN SIGN 0009?
[TSL] Repeat Sign 0010,[TSL] REPEAT SIGN 0010
[TSL] This is Sign 0010,[TSL] THIS SIGN 0010
[TSL] This is Sign 0011,[TSL] THIS SIGN 0011
[TSL] Learn Sign 0011,[TSL] LEARN SIGN 0011
[TSL] What is Sign 0012?,[TSL] WHAT SIGN 0012?
[TSL] Repeat Sign 0013,[TSL] REPEAT SIGN 0013
[TSL] This is Sign 0013,[TSL] THIS SIGN 0013
[TSL] Translate Sign 0015,[TSL] TRANSLATE SIGN 0015
[TSL] Repeat Sign 0016,[TSL] REPEAT SIGN 0016
[TSL] Learn Sign 0017,[TSL] LEARN SIGN 0017
[TSL] This is Sign 0018,[TSL] THIS SIGN 0018
[TSL] See Sign 0019,[TSL] SEE SIGN 0019
[TSL] I like Sign 0019,[TSL] I LIKE SIGN 0019
[TSL] This is Sign 0021,[TSL] THIS SIGN 0021
[TSL] Wait for Sign 0022,[TSL] WAIT FOR SIGN 0022
[TSL] Translate Sign 0022,[TSL] TRANSLATE SIGN 0022
[TSL] This is Sign 0025,[TSL] THIS SIGN 0025
[TSL] Can you sign Sign 0026?,[TSL] CAN YOU SIGN SIGN 0026?
[TSL] Repeat Sign 0026,[TSL] REPEAT SIGN 0026
[TSL] What is Sign 0027?,[TSL] WHAT SIGN 0027?
[TSL] See Sign 0027,[TSL] SEE SIGN 0027
[TSL] Can you sign Sign 0027?,[TSL] CAN YOU SIGN SIGN 0027?
[TSL] Wait for Sign 0028,[TSL] WAIT FOR SIGN 0028
[TSL] I like Sign 0029,[TSL] I LIKE SIGN 0029
[TSL] See Sign 0030,[TSL] SEE SIGN 0030
[TSL] Wait for Sign 0030,[TSL] WAIT FOR SIGN 0030
[TSL] Show me Sign 0032,[TSL] SHOW ME SIGN 0032
[TSL] Translate Sign 0032,[TSL] TRANSLATE SIGN 0032
[TSL] I like Sign 0032,[TSL] I LIKE SIGN 0032
[TSL] I like Sign 0034,[TSL] I LIKE SIGN 0034
[TSL] Translate Sign 0034,[TSL] TRANSLATE SIGN 0034
[TSL] What is Sign 0035?,[TSL] WHAT SIGN 0035?
[TSL] Repeat Sign 0035,[TSL] REPEAT SIGN 0035
[TSL] I like Sign 0036,[TSL] I LIKE SIGN 0036
[TSL] See Sign 0036,[TSL] SEE SIGN 0036
[TSL] Learn Sign 0037,[TSL] LEARN SIGN 0037
[TSL] Show me Sign 0037,[TSL] SHOW ME SIGN 0037
[TSL] I like Sign 0038,[TSL] I LIKE SIGN 0038
[TSL] See Sign 0038,[TSL] SEE SIGN 0038
[TSL] What is Sign 0038?,[TSL] WHAT SIGN 0038?
[TSL] This is Sign 0039,[TSL] THIS SIGN 0039
[TSL] Can you sign Sign 0039?,[TSL] CAN YOU SIGN SIGN 0039?
[TSL] Learn Sign 0040,[TSL] LEARN SIGN 0040
[TSL] I like Sign 0040,[TSL] I LIKE SIGN 0040
[TSL] See Sign 0041,[TSL] SEE SIGN 0041
[TSL] Translate Sign 0041,[TSL] TRANSLATE SIGN 0041
[TSL] Wait for Sign 0043,[TSL] WAIT FOR SIGN 0043
[TSL] Show me Sign 0043,[TSL] SHOW ME SIGN 0043
[TSL] Learn Sign 0045,[TSL] LEARN SIGN 0045
[TSL] Repeat Sign 0045,[TSL] REPEAT SIGN 0045
[TSL] Repeat Sign 0046,[TSL] REPEAT SIGN 0046
[TSL] Wait for Sign 0046,[TSL] WAIT FOR SIGN 0046
[TSL] This is Sign 0047,[TSL] THIS SIGN 0047
[TSL] Learn Sign 0048,[TSL] LEARN SIGN 0048
[TSL] I like Sign 0049,[TSL] I LIKE SIGN 0049
[TSL] Translate Sign 0049,[TSL] TRANSLATE SIGN 0049
[TSL] What is Sign 0050?,[TSL] WHAT SIGN 0050?
[TSL] What is Sign 0051?,[TSL] WHAT SIGN 0051?
[TSL] Show me Sign 0052,[TSL] SHOW ME SIGN 0052
[TSL] Wait for Sign 0053,[TSL] WAIT FOR SIGN 0053
[TSL] Learn Sign 0054,[TSL] LEARN SIGN 0054
[TSL] Wait for Sign 0054,[TSL] WAIT FOR SIGN 0054
[TSL] Translate Sign 0055,[TSL] TRANSLATE SIGN 0055
[TSL] Can you sign Sign 0056?,[TSL] CAN YOU SIGN SIGN 0056?
[TSL] This is Sign 0057,[TSL] THIS SIGN 0057
[TSL] Translate Sign 0057,[TSL] TRANSLATE SIGN 0057
[TSL] Can you sign Sign 0058?,[TSL] CAN YOU SIGN SIGN 0058?
[TSL] What is Sign 0059?,[TSL] WHAT SIGN 0059?
[TSL] Repeat Sign 0059,[TSL] REPEAT SIGN 0059
[TSL] Show me Sign 0061,[TSL] SHOW ME SIGN 0061
[TSL] Learn Sign 0062,[TSL] LEARN SIGN 0062
[TSL] Can you sign Sign 0064?,[TSL] CAN YOU SIGN SIGN 0064?
[TSL] Show me Sign 0064,[TSL] SHOW ME SIGN 0064
[TSL] Show me Sign 0065,[TSL] SHOW ME SIGN 0065
[TSL] Wait for Sign 0065,[TSL] WAIT FOR SIGN 0065
[TSL] I like Sign 0066,[TSL] I LIKE SIGN 0066
[TSL] This is Sign 0067,[TSL] THIS SIGN 0067
[TSL] Learn Sign 0068,[TSL] LEARN SIGN 0068
[TSL] Can you sign Sign 0069?,[TSL] CAN YOU SIGN SIGN 0069?
[TSL] Translate Sign 0069,[TSL] TRANSLATE SIGN 0069
[TSL] See Sign 0070,[TSL] SEE SIGN 0070
[TSL] What is Sign 0070?,[TSL] WHAT SIGN 0070?
[TSL] I like Sign 0071,[TSL] I LIKE SIGN 0071
[TSL] Can you sign Sign 0072?,[TSL] CAN YOU SIGN SIGN 0072?
[TSL] Learn Sign 0073,[TSL] LEARN SIGN 0073
[TSL] This is Sign 0074,[TSL] THIS SIGN 0074
[TSL] Wait for Sign 0075,[TSL] WAIT FOR SIGN 0075
[TSL] See Sign 0076,[TSL] SEE SIGN 0076
[TSL] Translate Sign 0077,[TSL] TRANSLATE SIGN 0077
[TSL] Wait for Sign 0078,[TSL] WAIT FOR SIGN 0078
[TSL] Repeat Sign 0078,[TSL] REPEAT SIGN 0078
[TSL] Repeat Sign 0079,[TSL] REPEAT SIGN 0079
[TSL] Can you sign Sign 0080?,[TSL] CAN YOU SIGN SIGN 0080?
[TSL] Show me Sign 0080,[TSL] SHOW ME SIGN 0080
[TSL] Can you sign Sign 0081?,[TSL] CAN YOU SIGN SIGN 0081?
[TSL] Wait for Sign 0081,[TSL] WAIT FOR SIGN 0081
[TSL] Learn Sign 0082,[TSL] LEARN SIGN 0082
[TSL] See Sign 0082,[TSL] SEE SIGN 0082
[TSL] Translate Sign 0083,[TSL] TRANSLATE SIGN 0083
[TSL] Show me Sign 0084,[TSL] SHOW ME SIGN 0084
[TSL] I like Sign 0086,[TSL] I LIKE SIGN 0086
[TSL] Wait for Sign 0086,[TSL] WAIT FOR SIGN 0086
[TSL] What is Sign 0088?,[TSL] WHAT SIGN 0088?
[TSL] Learn Sign 0088,[TSL] LEARN SIGN 0088
[TSL] Show me Sign 0089,[TSL] SHOW ME SIGN 0089
[TSL] Translate Sign 0090,[TSL] TRANSLATE SIGN 0090
[TSL] Wait for Sign 0091,[TSL] WAIT FOR SIGN 0091
[TSL] This is Sign 0091,[TSL] THIS SIGN 0091
[TSL] This is Sign 0092,[TSL] THIS SIGN 0092
[TSL] Can you sign Sign 0092?,[TSL] CAN YOU SIGN SIGN 0092?
[TSL] See Sign 0092,[TSL] SEE SIGN 0092
[TSL] This is Sign 0094,[TSL] THIS SIGN 0094
[TSL] Repeat Sign 0095,[TSL] REPEAT SIGN 0095
[TSL] What is Sign 0095?,[TSL] WHAT SIGN 0095?
[TSL] I like Sign 0095,[TSL] I LIKE SIGN 0095
[TSL] Can you sign Sign 0096?,[TSL] CAN YOU SIGN SIGN 0096?
[TSL] Learn Sign 0096,[TSL] LEARN SIGN 0096
[TSL] Repeat Sign 0097,[TSL] REPEAT SIGN 0097
[TSL] Repeat Sign 0098,[TSL] REPEAT SIGN 0098
[TSL] Translate Sign 0099,[TSL] TRANSLATE SIGN 0099
[TSL] Translate Sign 0000,[TSL] TRANSLATE SIGN 0000
[TSL] What is Sign 0000?,[TSL] WHAT SIGN 0000?
[TSL] See Sign 0001,[TSL] SEE SIGN 0001
[TSL] Show me Sign 0002,[TSL] SHOW ME SIGN 0002
[TSL] Wait for Sign 0004,[TSL] WAIT FOR SIGN 0004
[TSL] What is Sign 0006?,[TSL] WHAT SIGN 0006?
[TSL] This is Sign 0007,[TSL] THIS SIGN 0007
[TSL] Learn Sign 0007,[TSL] LEARN SIGN 0007
[TSL] Wait for Sign 0008,[TSL] WAIT FOR SIGN 0008
[TSL] Repeat Sign 0009,[TSL] REPEAT SIGN 0009
[TSL] What is Sign 0009?,[TSL] WHAT SIGN 0009?
[TSL] See Sign 0011,[TSL] SEE SIGN 0011
[TSL] I like Sign 0011,[TSL] I LIKE SIGN 0011
[TSL] See Sign 0012,[TSL] SEE SIGN 0012
[TSL] Learn Sign 0012,[TSL] LEARN SIGN 0012
[TSL] Wait for Sign 0015,[TSL] WAIT FOR SIGN 0015
[TSL] See Sign 0016,[TSL] SEE SIGN 0016
[TSL] Can you sign Sign 0017?,[TSL] CAN YOU SIGN SIGN 0017?
[TSL] Can you sign Sign 0020?,[TSL] CAN YOU SIGN SIGN 0020?
[TSL] Translate Sign 0020,[TSL] TRANSLATE SIGN 0020
[TSL] Show me Sign 0020,[TSL] SHOW ME SIGN 0020
[TSL] Repeat Sign 0021,[TSL] REPEAT SIGN 0021
[TSL] See Sign 0022,[TSL] SEE SIGN 0022
[TSL] Repeat Sign 0025,[TSL] REPEAT SIGN 0025
[TSL] Translate Sign 0025,[TSL] TRANSLATE SIGN 0025
[TSL] See Sign 0026,[TSL] SEE SIGN 0026
[TSL] I like Sign 0027,[TSL] I LIKE SIGN 0027
[TSL] Repeat Sign 0029,[TSL] REPEAT SIGN 0029
[TSL] What is Sign 0029?,[TSL] WHAT SIGN 0029?
[TSL] Can you sign Sign 0030?,[TSL] CAN YOU SIGN SIGN 0030?
[TSL] See Sign 0033,[TSL] SEE SIGN 0033
[TSL] Learn Sign 0033,[TSL] LEARN SIGN 0033
[TSL] See Sign 0034,[TSL] SEE SIGN 0034
[TSL] Wait for Sign 0034,[TSL] WAIT FOR SIGN 0034
[TSL] Translate Sign 0035,[TSL] TRANSLATE SIGN 0035
[TSL] Show me Sign 0036,[TSL] SHOW ME SIGN 0036
[TSL] Repeat Sign 0037,[TSL] REPEAT SIGN 0037
[TSL] Repeat Sign 0039,[TSL] REPEAT SIGN 0039
[TSL] See Sign 0039,[TSL] SEE SIGN 0039
[TSL] Can you sign Sign 0040?,[TSL] CAN YOU SIGN SIGN 0040?
[TSL] Repeat Sign 0040,[TSL] REPEAT SIGN 0040
[TSL] Can you sign Sign 0041?,[TSL] CAN YOU SIGN SIGN 0041?
[TSL] Repeat Sign 0041,[TSL] REPEAT SIGN 0041
[TSL] I like Sign 0042,[TSL] I LIKE SIGN 0042
[TSL] See Sign 0044,[TSL] SEE SIGN 0044
[TSL] This is Sign 0044,[TSL] THIS SIGN 0044
[TSL] What is Sign 0046?,[TSL] WHAT SIGN 0046?
[TSL] This is Sign 0046,[TSL] THIS SIGN 0046
[TSL] Repeat Sign 0047,[TSL] REPEAT SIGN 0047
[TSL] Repeat Sign 0048,[TSL] REPEAT SIGN 0048
[TSL] Show me Sign 0049,[TSL] SHOW ME SIGN 0049
[TSL] Repeat Sign 0049,[TSL] REPEAT SIGN 0049
[TSL] Can you sign Sign 0050?,[TSL] CAN YOU SIGN SIGN 0050?
[TSL] Show me Sign 0050,[TSL] SHOW ME SIGN 0050
[TSL] I like Sign 0052,[TSL] I LIKE SIGN 0052
[TSL] Repeat Sign 0053,[TSL] REPEAT SIGN 0053
[TSL] See Sign 0053,[TSL] SEE SIGN 0053
[TSL] Show me Sign 0055,[TSL] SHOW ME SIGN 0055
[TSL] See Sign 0055,[TSL] SEE SIGN 0055
[TSL] Show me Sign 0057,[TSL] SHOW ME SIGN 0057
[TSL] Learn Sign 0057,[TSL] LEARN SIGN 0057
[TSL] This is Sign 0060,[TSL] THIS SIGN 0060
[TSL] See Sign 0061,[TSL] SEE SIGN 0061
[TSL] What is Sign 0062?,[TSL] WHAT SIGN 0062?
[TSL] Translate Sign 0062,[TSL] TRANSLATE SIGN 0062
[TSL] Wait for Sign 0064,[TSL] WAIT FOR SIGN 0064
[TSL] This is Sign 0065,[TSL] THIS SIGN 0065
[TSL] What is Sign 0067?,[TSL] WHAT SIGN 0067?
[TSL] What is Sign 0068?,[TSL] WHAT SIGN 0068?
[TSL] Can you sign Sign 0068?,[TSL] CAN YOU SIGN SIGN 0068?
[TSL] Repeat Sign 0069,[TSL] REPEAT SIGN 0069
[TSL] Translate Sign 0070,[TSL] TRANSLATE SIGN 0070
[TSL] Learn Sign 0070,[TSL] LEARN SIGN 0070
[TSL] Wait for Sign 0072,[TSL] WAIT FOR SIGN 0072
[TSL] Wait for Sign 0073,[TSL] WAIT FOR SIGN 0073
[TSL] Repeat Sign 0074,[TSL] REPEAT SIGN 0074
[TSL] Can you sign Sign 0075?,[TSL] CAN YOU SIGN SIGN 0075?
[TSL] What is Sign 0076?,[TSL] WHAT SIGN 0076?
[TSL] Learn Sign 0077,[TSL] LEARN SIGN 0077
[TSL] I like Sign 0080,[TSL] I LIKE SIGN 0080
[TSL] I like Sign 0082,[TSL] I LIKE SIGN 0082
[TSL] Learn Sign 0083,[TSL] LEARN SIGN 0083
[TSL] Can you sign Sign 0084?,[TSL] CAN YOU SIGN SIGN 0084?
[TSL] What is Sign 0084?,[TSL] WHAT SIGN 0084?
[TSL] Wait for Sign 0085,[TSL] WAIT FOR SIGN 0085
[TSL] Can you sign Sign 0086?,[TSL] CAN YOU SIGN SIGN 0086?
[TSL] Translate Sign 0087,[TSL] TRANSLATE SIGN 0087
[TSL] See Sign 0087,[TSL] SEE SIGN 0087
[TSL] Repeat Sign 0088,[TSL] REPEAT SIGN 0088
[TSL] Wait for Sign 0089,[TSL] WAIT FOR SIGN 0089
[TSL] Learn Sign 0091,[TSL] LEARN SIGN 0091
[TSL] Translate Sign 0092,[TSL] TRANSLATE SIGN 0092
[TSL] Translate Sign 0093,[TSL] TRANSLATE SIGN 0093
[TSL] This is Sign 0096,[TSL] THIS SIGN 0096
[TSL] Translate Sign 0096,[TSL] TRANSLATE SIGN 0096
[TSL] Learn Sign 0097,[TSL] LEARN SIGN 0097
[TSL] Can you sign Sign 0098?,[TSL] CAN YOU SIGN SIGN 0098?
[TSL] This is Sign 0099,[TSL] THIS SIGN 0099
[TSL] Show me Sign 0000,[TSL] SHOW ME SIGN 0000
[TSL] I like Sign 0003,[TSL] I LIKE SIGN 0003
[TSL] Repeat Sign 0004,[TSL] REPEAT SIGN 0004
[TSL] Translate Sign 0007,[TSL] TRANSLATE SIGN 0007
[TSL] I like Sign 0009,[TSL] I LIKE SIGN 0009
[TSL] Can you sign Sign 0010?,[TSL] CAN YOU SIGN SIGN 0010?
[TSL] Learn Sign 0014,[TSL] LEARN SIGN 0014
[TSL] Can you sign Sign 0014?,[TSL] CAN YOU SIGN SIGN 0014?
[TSL] Repeat Sign 0017,[TSL] REPEAT SIGN 0017
[TSL] Translate Sign 0017,[TSL] TRANSLATE SIGN 0017
[TSL] Repeat Sign 0018,[TSL] REPEAT SIGN 0018
[TSL] Show me Sign 0019,[TSL] SHOW ME SIGN 0019
[TSL] See Sign 0025,[TSL] SEE SIGN 0025
[TSL] Repeat Sign 0028,[TSL] REPEAT SIGN 0028
[TSL] Wait for Sign 0029,[TSL] WAIT FOR SIGN 0029
[TSL] This is Sign 0030,[TSL] THIS SIGN 0030
[TSL] Show me Sign 0031,[TSL] SHOW ME SIGN 0031
[TSL] Can you sign Sign 0032?,[TSL] CAN YOU SIGN SIGN 0032?
[TSL] Repeat Sign 0033,[TSL] REPEAT SIGN 0033
[TSL] This is Sign 0033,[TSL] THIS SIGN 0033
[TSL] What is Sign 0033?,[TSL] WHAT SIGN 0033?
[TSL] What is Sign 0037?,[TSL] WHAT SIGN 0037?
[TSL] Translate Sign 0042,[TSL] TRANSLATE SIGN 0042
[TSL] This is Sign 0042,[TSL] THIS SIGN 0042
[TSL] I like Sign 0043,[TSL] I LIKE SIGN 0043
[TSL] This is Sign 0043,[TSL] THIS SIGN 0043
[TSL] What is Sign 0043?,[TSL] WHAT SIGN 0043?
[TSL] Wait for Sign 0044,[TSL] WAIT FOR SIGN 0044
[TSL] I like Sign 0045,[TSL] I LIKE SIGN 0045
[TSL] Translate Sign 0045,[TSL] TRANSLATE SIGN 0045
[TSL] Wait for Sign 0047,[TSL] WAIT FOR SIGN 0047
[TSL] Learn Sign 0051,[TSL] LEARN SIGN 0051
[TSL] This is Sign 0053,[TSL] THIS SIGN 0053
[TSL] Repeat Sign 0056,[TSL] REPEAT SIGN 0056
[TSL] See Sign 0060,[TSL] SEE SIGN 0060
[TSL] I like Sign 0061,[TSL] I LIKE SIGN 0061
[TSL] Show me Sign 0063,[TSL] SHOW ME SIGN 0063
[TSL] See Sign 0064,[TSL] SEE SIGN 0064
[TSL] Translate Sign 0064,[TSL] TRANSLATE SIGN 0064
[TSL] Repeat Sign 0067,[TSL] REPEAT SIGN 0067
[TSL] Show me Sign 0069,[TSL] SHOW ME SIGN 0069
[TSL] This is Sign 0071,[TSL] THIS SIGN 0071
[TSL] Show me Sign 0072,[TSL] SHOW ME SIGN 0072
[TSL] What is Sign 0072?,[TSL] WHAT SIGN 0072?
[TSL] Translate Sign 0073,[TSL] TRANSLATE SIGN 0073
[TSL] I like Sign 0073,[TSL] I LIKE SIGN 0073
[TSL] What is Sign 0075?,[TSL] WHAT SIGN 0075?
[TSL] I like Sign 0076,[TSL] I LIKE SIGN 0076
[TSL] Show me Sign 0077,[TSL] SHOW ME SIGN 0077
[TSL] Learn Sign 0078,[TSL] LEARN SIGN 0078
[TSL] Repeat Sign 0080,[TSL] REPEAT SIGN 0080
[TSL] Learn Sign 0081,[TSL] LEARN SIGN 0081
[TSL] I like Sign 0085,[TSL] I LIKE SIGN 0085
[TSL] What is Sign 0087?,[TSL] WHAT SIGN 0087?
[TSL] This is Sign 0087,[TSL] THIS SIGN 0087
[TSL] What is Sign 0091?,[TSL] WHAT SIGN 0091?
[TSL] I like Sign 0093,[TSL] I LIKE SIGN 0093
[TSL] This is Sign 0093,[TSL] THIS SIGN 0093
[TSL] Show me Sign 0094,[TSL] SHOW ME SIGN 0094
[TSL] Show me Sign 0098,[TSL] SHOW ME SIGN 0098
[TSL] Learn Sign 0098,[TSL] LEARN SIGN 0098
[TSL] See Sign 0099,[TSL] SEE SIGN 0099
[TSL] Learn Sign 0003,[TSL] LEARN SIGN 0003
[TSL] This is Sign 0008,[TSL] THIS SIGN 0008
[TSL] Repeat Sign 0008,[TSL] REPEAT SIGN 0008
[TSL] Translate Sign 0009,[TSL] TRANSLATE SIGN 0009
[TSL] See Sign 0014,[TSL] SEE SIGN 0014
[TSL] This is Sign 0016,[TSL] THIS SIGN 0016
[TSL] What is Sign 0017?,[TSL] WHAT SIGN 0017?
[TSL] I like Sign 0017,[TSL] I LIKE SIGN 0017
[TSL] This is Sign 0020,[TSL] THIS SIGN 0020
[TSL] Show me Sign 0023,[TSL] SHOW ME SIGN 0023
[TSL] I like Sign 0024,[TSL] I LIKE SIGN 0024
[TSL] See Sign 0035,[TSL] SEE SIGN 0035
[TSL] Learn Sign 0038,[TSL] LEARN SIGN 0038
[TSL] Translate Sign 0043,[TSL] TRANSLATE SIGN 0043
[TSL] Repeat Sign 0044,[TSL] REPEAT SIGN 0044
[TSL] Learn Sign 0050,[TSL] LEARN SIGN 0050
[TSL] See Sign 0050,[TSL] SEE SIGN 0050
[TSL] Can you sign Sign 0051?,[TSL] CAN YOU SIGN SIGN 0051?
[TSL] Wait for Sign 0051,[TSL] WAIT FOR SIGN 0051
[TSL] Repeat Sign 0055,[TSL] REPEAT SIGN 0055
[TSL] Translate Sign 0056,[TSL] TRANSLATE SIGN 0056
[TSL] Wait for Sign 0058,[TSL] WAIT FOR SIGN 0058
[TSL] Translate Sign 0058,[TSL] TRANSLATE SIGN 0058
[TSL] Repeat Sign 0060,[TSL] REPEAT SIGN 0060
[TSL] See Sign 0066,[TSL] SEE SIGN 0066
[TSL] This is Sign 0070,[TSL] THIS SIGN 0070
[TSL] Wait for Sign 0077,[TSL] WAIT FOR SIGN 0077
[TSL] What is Sign 0078?,[TSL] WHAT SIGN 0078?
[TSL] Learn Sign 0084,[TSL] LEARN SIGN 0084
[TSL] See Sign 0085,[TSL] SEE SIGN 0085
[TSL] I like Sign 0088,[TSL] I LIKE SIGN 0088
[TSL] Repeat Sign 0090,[TSL] REPEAT SIGN 0090
[TSL] This is Sign 0090,[TSL] THIS SIGN 0090
[TSL] Repeat Sign 0093,[TSL] REPEAT SIGN 0093
[TSL] Translate Sign 0094,[TSL] TRANSLATE SIGN 0094
[TSL] See Sign 0096,[TSL] SEE SIGN 0096
[TSL] See Sign 0097,[TSL] SEE SIGN 0097
[TSL] Wait for Sign 0099,[TSL] WAIT FOR SIGN 0099
[TSL] Can you sign Sign 0000?,[TSL] CAN YOU SIGN SIGN 0000?
[TSL] I like Sign 0005,[TSL] I LIKE SIGN 0005
[TSL] What is Sign 0008?,[TSL] WHAT SIGN 0008?
[TSL] Learn Sign 0010,[TSL] LEARN SIGN 0010
[TSL] Learn Sign 0013,[TSL] LEARN SIGN 0013
[TSL] I like Sign 0013,[TSL] I LIKE SIGN 0013
[TSL] Can you sign Sign 0013?,[TSL] CAN YOU SIGN SIGN 0013?
[TSL] Repeat Sign 0014,[TSL] REPEAT SIGN 0014
[TSL] Repeat Sign 0020,[TSL] REPEAT SIGN 0020
[TSL] Show me Sign 0022,[TSL] SHOW ME SIGN 0022
[TSL] Wait for Sign 0023,[TSL] WAIT FOR SIGN 0023
[TSL] I like Sign 0023,[TSL] I LIKE SIGN 0023
[TSL] Learn Sign 0026,[TSL] LEARN SIGN 0026
[TSL] Translate Sign 0031,[TSL] TRANSLATE SIGN 0031
[TSL] Can you sign Sign 0036?,[TSL] CAN YOU SIGN SIGN 0036?
[TSL] Can you sign Sign 0042?,[TSL] CAN YOU SIGN SIGN 0042?
[TSL] Show me Sign 0047,[TSL] SHOW ME SIGN 0047
[TSL] Translate Sign 0052,[TSL] TRANSLATE SIGN 0052
[TSL] Learn Sign 0053,[TSL] LEARN SIGN 0053
[TSL] Can you sign Sign 0057?,[TSL] CAN YOU SIGN SIGN 0057?
[TSL] I like Sign 0067,[TSL] I LIKE SIGN 0067
[TSL] Repeat Sign 0068,[TSL] REPEAT SIGN 0068
[TSL] What is Sign 0071?,[TSL] WHAT SIGN 0071?
[TSL] Can you sign Sign 0074?,[TSL] CAN YOU SIGN SIGN 0074?
[TSL] This is Sign 0075,[TSL] THIS SIGN 0075
[TSL] Can you sign Sign 0078?,[TSL] CAN YOU SIGN SIGN 0078?
[TSL] I like Sign 0079,[TSL] I LIKE SIGN 0079
[TSL] Wait for Sign 0080,[TSL] WAIT FOR SIGN 0080
[TSL] Show me Sign 0085,[TSL] SHOW ME SIGN 0085
[TSL] Translate Sign 0089,[TSL] TRANSLATE SIGN 0089
[TSL] Can you sign Sign 0090?,[TSL] CAN YOU SIGN SIGN 0090?
[TSL] Repeat Sign 0001,[TSL] REPEAT SIGN 0001
[TSL] Can you sign Sign 0002?,[TSL] CAN YOU SIGN SIGN 0002?
[TSL] What is Sign 0005?,[TSL] WHAT SIGN 0005?
[TSL] See Sign 0006,[TSL] SEE SIGN 0006
[TSL] What is Sign 0010?,[TSL] WHAT SIGN 0010?
[TSL] I like Sign 0012,[TSL] I LIKE SIGN 0012
[TSL] See Sign 0018,[TSL] SEE SIGN 0018
[TSL] Translate Sign 0019,[TSL] TRANSLATE SIGN 0019
[TSL] See Sign 0023,[TSL] SEE SIGN 0023
[TSL] Wait for Sign 0024,[TSL] WAIT FOR SIGN 0024
[TSL] Wait for Sign 0032,[TSL] WAIT FOR SIGN 0032
[TSL] This is Sign 0050,[TSL] THIS SIGN 0050
[TSL] I like Sign 0055,[TSL] I LIKE SIGN 0055
[TSL] Wait for Sign 0057,[TSL] WAIT FOR SIGN 0057
[TSL] Repeat Sign 0058,[TSL] REPEAT SIGN 0058
[TSL] Learn Sign 0058,[TSL] LEARN SIGN 0058
[TSL] Can you sign Sign 0061?,[TSL] CAN YOU SIGN SIGN 0061?
[TSL] Repeat Sign 0063,[TSL] REPEAT SIGN 0063
[TSL] Learn Sign 0065,[TSL] LEARN SIGN 0065
[TSL] Repeat Sign 0065,[TSL] REPEAT SIGN 0065
[TSL] Learn Sign 0071,[TSL] LEARN SIGN 0071
[TSL] Wait for Sign 0074,[TSL] WAIT FOR SIGN 0074
[TSL] I like Sign 0074,[TSL] I LIKE SIGN 0074
[TSL] See Sign 0079,[TSL] SEE SIGN 0079
[TSL] What is Sign 0080?,[TSL] WHAT SIGN 0080?
[TSL] What is Sign 0086?,[TSL] WHAT SIGN 0086?
[TSL] Learn Sign 0095,[TSL] LEARN SIGN 0095
[TSL] What is Sign 0097?,[TSL] WHAT SIGN 0097?
[TSL] Learn Sign 0099,[TSL] LEARN SIGN 0099
[TSL] Show me Sign 0009,[TSL] SHOW ME SIGN 0009
[TSL] I like Sign 0022,[TSL] I LIKE SIGN 0022
[TSL] Wait for Sign 0040,[TSL] WAIT FOR SIGN 0040
[TSL] See Sign 0056,[TSL] SEE SIGN 0056
[TSL] Wait for Sign 0059,[TSL] WAIT FOR SIGN 0059
[TSL] Translate Sign 0060,[TSL] TRANSLATE SIGN 0060
[TSL] This is Sign 0061,[TSL] THIS SIGN 0061
[TSL] This is Sign 0066,[TSL] THIS SIGN 0066
[TSL] I like Sign 0068,[TSL] I LIKE SIGN 0068
[TSL] See Sign 0083,[TSL] SEE SIGN 0083
[TSL] Show me Sign 0086,[TSL] SHOW ME SIGN 0086
[TSL] Can you sign Sign 0089?,[TSL] CAN YOU SIGN SIGN 0089?
[TSL] Translate Sign 0091,[TSL] TRANSLATE SIGN 0091
[TSL] Learn Sign 0024,[TSL] LEARN SIGN 0024
[TSL] Can you sign Sign 0028?,[TSL] CAN YOU SIGN SIGN 0028?
[TSL] See Sign 0028,[TSL] SEE SIGN 0028
[TSL] Wait for Sign 0035,[TSL] WAIT FOR SIGN 0035
[TSL] What is Sign 0045?,[TSL] WHAT SIGN 0045?
[TSL] See Sign 0048,[TSL] SEE SIGN 0048
[TSL] Show me Sign 0060,[TSL] SHOW ME SIGN 0060
[TSL] Repeat Sign 0072,[TSL] REPEAT SIGN 0072
[TSL] See Sign 0084,[TSL] SEE SIGN 0084
[TSL] See Sign 0005,[TSL] SEE SIGN 0005
[TSL] What is Sign 0021?,[TSL] WHAT SIGN 0021?
[TSL] This is Sign 0024,[TSL] THIS SIGN 0024
[TSL] This is Sign 0031,[TSL] THIS SIGN 0031
[TSL] Wait for Sign 0045,[TSL] WAIT FOR SIGN 0045
[TSL] Learn Sign 0047,[TSL] LEARN SIGN 0047
[TSL] Translate Sign 0048,[TSL] TRANSLATE SIGN 0048
[TSL] Wait for Sign 0062,[TSL] WAIT FOR SIGN 0062
[TSL] What is Sign 0063?,[TSL] WHAT SIGN 0063?
[TSL] See Sign 0069,[TSL] SEE SIGN 0069
[TSL] Can you sign Sign 0083?,[TSL] CAN YOU SIGN SIGN 0083?
[TSL] I like Sign 0090,[TSL] I LIKE SIGN 0090
[TSL] Learn Sign 0022,[TSL] LEARN SIGN 0022
[TSL] Translate Sign 0081,[TSL] TRANSLATE SIGN 0081
[TSL] Show me Sign 0082,[TSL] SHOW ME SIGN 0082
[TSL] This is Sign 0015,[TSL] THIS SIGN 0015
[TSL] Show me Sign 0054,[TSL] SHOW ME SIGN 0054
[TSL] I like Sign 0056,[TSL] I LIKE SIGN 0056
[TSL] Show me Sign 0096,[TSL] SHOW ME SIGN 0096
[TSL] I like Sign 0028,[TSL] I LIKE SIGN 0028
[TSL] Show me Sign 0048,[TSL] SHOW ME SIGN 0048
[TSL] Repeat Sign 0003,[TSL] REPEAT SIGN 0003
[TSL] Wait for Sign 0012,[TSL] WAIT FOR SIGN 0012
[TSL] Learn Sign 0032,[TSL] LEARN SIGN 0032
[TSL] Can you sign Sign 0087?,[TSL] CAN YOU SIGN SIGN 0087?
[ISL] I like Sign 0000,[ISL] I LIKE SIGN 0000
[ISL] This is Sign 0000,[ISL] THIS SIGN 0000
[ISL] Wait for Sign 0001,[ISL] WAIT FOR SIGN 0001
[ISL] Repeat Sign 0001,[ISL] REPEAT SIGN 0001
[ISL] Show me Sign 0001,[ISL] SHOW ME SIGN 0001
[ISL] See Sign 0002,[ISL] SEE SIGN 0002
[ISL] What is Sign 0002?,[ISL] WHAT SIGN 0002?
[ISL] Learn Sign 0002,[ISL] LEARN SIGN 0002
[ISL] Wait for Sign 0003,[ISL] WAIT FOR SIGN 0003
[ISL] Repeat Sign 0003,[ISL] REPEAT SIGN 0003
[ISL] Show me Sign 0003,[ISL] SHOW ME SIGN 0003
[ISL] Show me Sign 0004,[ISL] SHOW ME SIGN 0004
[ISL] See Sign 0004,[ISL] SEE SIGN 0004
[ISL] Translate Sign 0004,[ISL] TRANSLATE SIGN 0004
[ISL] Learn Sign 0005,[ISL] LEARN SIGN 0005
[ISL] What is Sign 0005?,[ISL] WHAT SIGN 0005?
[ISL] Show me Sign 0005,[ISL] SHOW ME SIGN 0005
[ISL] Learn Sign 0006,[ISL] LEARN SIGN 0006
[ISL] Repeat Sign 0006,[ISL] REPEAT SIGN 0006
[ISL] Show me Sign 0006,[ISL] SHOW ME SIGN 0006
[ISL] Wait for Sign 0007,[ISL] WAIT FOR SIGN 0007
[ISL] What is Sign 0007?,[ISL] WHAT SIGN 0007?
[ISL] Learn Sign 0007,[ISL] LEARN SIGN 0007
[ISL] Learn Sign 0008,[ISL] LEARN SIGN 0008
[ISL] Can you sign Sign 0008?,[ISL] CAN YOU SIGN SIGN 0008?
[ISL] See Sign 0008,[ISL] SEE SIGN 0008
[ISL] Translate Sign 0009,[ISL] TRANSLATE SIGN 0009
[ISL] Learn Sign 0009,[ISL] LEARN SIGN 0009
[ISL] Show me Sign 0009,[ISL] SHOW ME SIGN 0009
[ISL] Show me Sign 0010,[ISL] SHOW ME SIGN 0010
[ISL] Translate Sign 0010,[ISL] TRANSLATE SIGN 0010
[ISL] I like Sign 0010,[ISL] I LIKE SIGN 0010
[ISL] Translate Sign 0011,[ISL] TRANSLATE SIGN 0011
[ISL] Learn Sign 0011,[ISL] LEARN SIGN 0011
[ISL] What is Sign 0012?,[ISL] WHAT SIGN 0012?
[ISL] This is Sign 0013,[ISL] THIS SIGN 0013
[ISL] Learn Sign 0013,[ISL] LEARN SIGN 0013
[ISL] Show me Sign 0013,[ISL] SHOW ME SIGN 0013
[ISL] Can you sign Sign 0014?,[ISL] CAN YOU SIGN SIGN 0014?
[ISL] Show me Sign 0014,[ISL] SHOW ME SIGN 0014
[ISL] This is Sign 0014,[ISL] THIS SIGN 0014
[ISL] See Sign 0015,[ISL] SEE SIGN 0015
[ISL] I like Sign 0015,[ISL] I LIKE SIGN 0015
[ISL] This is Sign 0015,[ISL] THIS SIGN 0015
[ISL] Show me Sign 0016,[ISL] SHOW ME SIGN 0016
[ISL] Learn Sign 0016,[ISL] LEARN SIGN 0016
[ISL] What is Sign 0016?,[ISL] WHAT SIGN 0016?
[ISL] Can you sign Sign 0017?,[ISL] CAN YOU SIGN SIGN 0017?
[ISL] What is Sign 0017?,[ISL] WHAT SIGN 0017?
[ISL] See Sign 0018,[ISL] SEE SIGN 0018
[ISL] This is Sign 0018,[ISL] THIS SIGN 0018
[ISL] Show me Sign 0018,[ISL] SHOW ME SIGN 0018
[ISL] Show me Sign 0019,[ISL] SHOW ME SIGN 0019
[ISL] This is Sign 0019,[ISL] THIS SIGN 0019
[ISL] I like Sign 0020,[ISL] I LIKE SIGN 0020
[ISL] Show me Sign 0020,[ISL] SHOW ME SIGN 0020
[ISL] See Sign 0020,[ISL] SEE SIGN 0020
[ISL] What is Sign 0021?,[ISL] WHAT SIGN 0021?
[ISL] Can you sign Sign 0021?,[ISL] CAN YOU SIGN SIGN 0021?
[ISL] See Sign 0021,[ISL] SEE SIGN 0021
[ISL] See Sign 0022,[ISL] SEE SIGN 0022
[ISL] Wait for Sign 0022,[ISL] WAIT FOR SIGN 0022
[ISL] This is Sign 0022,[ISL] THIS SIGN 0022
[ISL] Can you sign Sign 0023?,[ISL] CAN YOU SIGN SIGN 0023?
[ISL] Translate Sign 0023,[ISL] TRANSLATE SIGN 0023
[ISL] Show me Sign 0023,[ISL] SHOW ME SIGN 0023
[ISL] I like Sign 0024,[ISL] I LIKE SIGN 0024
[ISL] This is Sign 0024,[ISL] THIS SIGN 0024
[ISL] Translate Sign 0024,[ISL] TRANSLATE SIGN 0024
[ISL] Learn Sign 0025,[ISL] LEARN SIGN 0025
[ISL] Repeat Sign 0025,[ISL] REPEAT SIGN 0025
[ISL] Wait for Sign 0025,[ISL] WAIT FOR SIGN 0025
[ISL] Show me Sign 0026,[ISL] SHOW ME SIGN 0026
[ISL] Repeat Sign 0026,[ISL] REPEAT SIGN 0026
[ISL] See Sign 0027,[ISL] SEE SIGN 0027
[ISL] Wait for Sign 0028,[ISL] WAIT FOR SIGN 0028
[ISL] Repeat Sign 0028,[ISL] REPEAT SIGN 0028
[ISL] Show me Sign 0028,[ISL] SHOW ME SIGN 0028
[ISL] Can you sign Sign 0029?,[ISL] CAN YOU SIGN SIGN 0029?
[ISL] Repeat Sign 0029,[ISL] REPEAT SIGN 0029
[ISL] This is Sign 0030,[ISL] THIS SIGN 0030
[ISL] What is Sign 0030?,[ISL] WHAT SIGN 0030?
[ISL] Repeat Sign 0031,[ISL] REPEAT SIGN 0031
[ISL] I like Sign 0031,[ISL] I LIKE SIGN 0031
[ISL] This is Sign 0031,[ISL] THIS SIGN 0031
[ISL] Can you sign Sign 0032?,[ISL] CAN YOU SIGN SIGN 0032?
[ISL] Repeat Sign 0032,[ISL] REPEAT SIGN 0032
[ISL] This is Sign 0032,[ISL] THIS SIGN 0032
[ISL] Translate Sign 0033,[ISL] TRANSLATE SIGN 0033
[ISL] Repeat Sign 0033,[ISL] REPEAT SIGN 0033
[ISL] What is Sign 0033?,[ISL] WHAT SIGN 0033?
[ISL] See Sign 0034,[ISL] SEE SIGN 0034
[ISL] Wait for Sign 0034,[ISL] WAIT FOR SIGN 0034
[ISL] I like Sign 0034,[ISL] I LIKE SIGN 0034
[ISL] Translate Sign 0035,[ISL] TRANSLATE SIGN 0035
[ISL] Repeat Sign 0035,[ISL] REPEAT SIGN 0035
[ISL] Can you sign Sign 0036?,[ISL] CAN YOU SIGN SIGN 0036?
[ISL] I like Sign 0036,[ISL] I LIKE SIGN 0036
[ISL] Can you sign Sign 0037?,[ISL] CAN YOU SIGN SIGN 0037?
[ISL] Wait for Sign 0037,[ISL] WAIT FOR SIGN 0037
[ISL] I like Sign 0037,[ISL] I LIKE SIGN 0037
[ISL] This is Sign 0038,[ISL] THIS SIGN 0038
[ISL] Repeat Sign 0038,[ISL] REPEAT SIGN 0038
[ISL] Can you sign Sign 0038?,[ISL] CAN YOU SIGN SIGN 0038?
[ISL] Wait for Sign 0039,[ISL] WAIT FOR SIGN 0039
[ISL] Translate Sign 0040,[ISL] TRANSLATE SIGN 0040
[ISL] Can you sign Sign 0040?,[ISL] CAN YOU SIGN SIGN 0040?
[ISL] See Sign 0040,[ISL] SEE SIGN 0040
[ISL] Show me Sign 0041,[ISL] SHOW ME SIGN 0041
[ISL] Learn Sign 0041,[ISL] LEARN SIGN 0041
[ISL] Translate Sign 0041,[ISL] TRANSLATE SIGN 0041
[ISL] This is Sign 0042,[ISL] THIS SIGN 0042
[ISL] Learn Sign 0042,[ISL] LEARN SIGN 0042
[ISL] Translate Sign 0042,[ISL] TRANSLATE SIGN 0042
[ISL] Learn Sign 0043,[ISL] LEARN SIGN 0043
[ISL] Wait for Sign 0043,[ISL] WAIT FOR SIGN 0043
[ISL] What is Sign 0043?,[ISL] WHAT SIGN 0043?
[ISL] See Sign 0044,[ISL] SEE SIGN 0044
[ISL] I like Sign 0044,[ISL] I LIKE SIGN 0044
[ISL] Learn Sign 0044,[ISL] LEARN SIGN 0044
[ISL] This is Sign 0045,[ISL] THIS SIGN 0045
[ISL] See Sign 0045,[ISL] SEE SIGN 0045
[ISL] Can you sign Sign 0045?,[ISL] CAN YOU SIGN SIGN 0045?
[ISL] What is Sign 0046?,[ISL] WHAT SIGN 0046?
[ISL] Can you sign Sign 0046?,[ISL] CAN YOU SIGN SIGN 0046?
[ISL] Repeat Sign 0046,[ISL] REPEAT SIGN 0046
[ISL] See Sign 0047,[ISL] SEE SIGN 0047
[ISL] What is Sign 0047?,[ISL] WHAT SIGN 0047?
[ISL] I like Sign 0047,[ISL] I LIKE SIGN 0047
[ISL] Translate Sign 0048,[ISL] TRANSLATE SIGN 0048
[ISL] Show me Sign 0048,[ISL] SHOW ME SIGN 0048
[ISL] See Sign 0048,[ISL] SEE SIGN 0048
[ISL] Can you sign Sign 0049?,[ISL] CAN YOU SIGN SIGN 0049?
[ISL] I like Sign 0049,[ISL] I LIKE SIGN 0049
[ISL] Repeat Sign 0049,[ISL] REPEAT SIGN 0049
[ISL] This is Sign 0050,[ISL] THIS SIGN 0050
[ISL] See Sign 0050,[ISL] SEE SIGN 0050
[ISL] Learn Sign 0050,[ISL] LEARN SIGN 0050
[ISL] Repeat Sign 0051,[ISL] REPEAT SIGN 0051
[ISL] Can you sign Sign 0051?,[ISL] CAN YOU SIGN SIGN 0051?
[ISL] Show me Sign 0051,[ISL] SHOW ME SIGN 0051
[ISL] Show me Sign 0052,[ISL] SHOW ME SIGN 0052
[ISL] I like Sign 0052,[ISL] I LIKE SIGN 0052
[ISL] Repeat Sign 0053,[ISL] REPEAT SIGN 0053
[ISL] Show me Sign 0053,[ISL] SHOW ME SIGN 0053
[ISL] Learn Sign 0054,[ISL] LEARN SIGN 0054
[ISL] See Sign 0054,[ISL] SEE SIGN 0054
[ISL] Translate Sign 0054,[ISL] TRANSLATE SIGN 0054
[ISL] Can you sign Sign 0055?,[ISL] CAN YOU SIGN SIGN 0055?
[ISL] What is Sign 0055?,[ISL] WHAT SIGN 0055?
[ISL] See Sign 0056,[ISL] SEE SIGN 0056
[ISL] I like Sign 0056,[ISL] I LIKE SIGN 0056
[ISL] Can you sign Sign 0057?,[ISL] CAN YOU SIGN SIGN 0057?
[ISL] I like Sign 0057,[ISL] I LIKE SIGN 0057
[ISL] This is Sign 0057,[ISL] THIS SIGN 0057
[ISL] I like Sign 0058,[ISL] I LIKE SIGN 0058
[ISL] Wait for Sign 0058,[ISL] WAIT FOR SIGN 0058
[ISL] Repeat Sign 0058,[ISL] REPEAT SIGN 0058
[ISL] This is Sign 0059,[ISL] THIS SIGN 0059
[ISL] Show me Sign 0059,[ISL] SHOW ME SIGN 0059
[ISL] What is Sign 0059?,[ISL] WHAT SIGN 0059?
[ISL] This is Sign 0060,[ISL] THIS SIGN 0060
[ISL] What is Sign 0060?,[ISL] WHAT SIGN 0060?
[ISL] See Sign 0061,[ISL] SEE SIGN 0061
[ISL] This is Sign 0061,[ISL] THIS SIGN 0061
[ISL] Repeat Sign 0061,[ISL] REPEAT SIGN 0061
[ISL] See Sign 0062,[ISL] SEE SIGN 0062
[ISL] Wait for Sign 0063,[ISL] WAIT FOR SIGN 0063
[ISL] Learn Sign 0063,[ISL] LEARN SIGN 0063
[ISL] Translate Sign 0063,[ISL] TRANSLATE SIGN 0063
[ISL] What is Sign 0064?,[ISL] WHAT SIGN 0064?
[ISL] Show me Sign 0064,[ISL] SHOW ME SIGN 0064
[ISL] I like Sign 0064,[ISL] I LIKE SIGN 0064
[ISL] Can you sign Sign 0065?,[ISL] CAN YOU SIGN SIGN 0065?
[ISL] Learn Sign 0065,[ISL] LEARN SIGN 0065
[ISL] Wait for Sign 0066,[ISL] WAIT FOR SIGN 0066
[ISL] Can you sign Sign 0066?,[ISL] CAN YOU SIGN SIGN 0066?
[ISL] See Sign 0066,[ISL] SEE SIGN 0066
[ISL] See Sign 0067,[ISL] SEE SIGN 0067
[ISL] Repeat Sign 0067,[ISL] REPEAT SIGN 0067
[ISL] Show me Sign 0067,[ISL] SHOW ME SIGN 0067
[ISL] Learn Sign 0068,[ISL] LEARN SIGN 0068
[ISL] Wait for Sign 0068,[ISL] WAIT FOR SIGN 0068
[ISL] I like Sign 0068,[ISL] I LIKE SIGN 0068
[ISL] Wait for Sign 0069,[ISL] WAIT FOR SIGN 0069
[ISL] This is Sign 0069,[ISL] THIS SIGN 0069
[ISL] I like Sign 0069,[ISL] I LIKE SIGN 0069
[ISL] See Sign 0070,[ISL] SEE SIGN 0070
[ISL] Wait for Sign 0070,[ISL] WAIT FOR SIGN 0070
[ISL] Learn Sign 0070,[ISL] LEARN SIGN 0070
[ISL] I like Sign 0071,[ISL] I LIKE SIGN 0071
[ISL] Wait for Sign 0071,[ISL] WAIT FOR SIGN 0071
[ISL] Repeat Sign 0071,[ISL] REPEAT SIGN 0071
[ISL] Repeat Sign 0072,[ISL] REPEAT SIGN 0072
[ISL] This is Sign 0072,[ISL] THIS SIGN 0072
[ISL] Wait for Sign 0073,[ISL] WAIT FOR SIGN 0073
[ISL] I like Sign 0073,[ISL] I LIKE SIGN 0073
[ISL] Learn Sign 0073,[ISL] LEARN SIGN 0073
[ISL] Translate Sign 0074,[ISL] TRANSLATE SIGN 0074
[ISL] Wait for Sign 0074,[ISL] WAIT FOR SIGN 0074
[ISL] Show me Sign 0074,[ISL] SHOW ME SIGN 0074
[ISL] Wait for Sign 0075,[ISL] WAIT FOR SIGN 0075
[ISL] Can you sign Sign 0075?,[ISL] CAN YOU SIGN SIGN 0075?
[ISL] I like Sign 0075,[ISL] I LIKE SIGN 0075
[ISL] Repeat Sign 0076,[ISL] REPEAT SIGN 0076
[ISL] See Sign 0076,[ISL] SEE SIGN 0076
[ISL] What is Sign 0077?,[ISL] WHAT SIGN 0077?
[ISL] See Sign 0077,[ISL] SEE SIGN 0077
[ISL] Wait for Sign 0077,[ISL] WAIT FOR SIGN 0077
[ISL] Learn Sign 0078,[ISL] LEARN SIGN 0078
[ISL] Wait for Sign 0078,[ISL] WAIT FOR SIGN 0078
[ISL] I like Sign 0078,[ISL] I LIKE SIGN 0078
[ISL] Can you sign Sign 0079?,[ISL] CAN YOU SIGN SIGN 0079?
[ISL] Learn Sign 0079,[ISL] LEARN SIGN 0079
[ISL] I like Sign 0079,[ISL] I LIKE SIGN 0079
[ISL] See Sign 0080,[ISL] SEE SIGN 0080
[ISL] Can you sign Sign 0080?,[ISL] CAN YOU SIGN SIGN 0080?
[ISL] Translate Sign 0080,[ISL] TRANSLATE SIGN 0080
[ISL] Wait for Sign 0081,[ISL] WAIT FOR SIGN 0081
[ISL] What is Sign 0081?,[ISL] WHAT SIGN 0081?
[ISL] I like Sign 0081,[ISL] I LIKE SIGN 0081
[ISL] Learn Sign 0082,[ISL] LEARN SIGN 0082
[ISL] Can you sign Sign 0082?,[ISL] CAN YOU SIGN SIGN 0082?
[ISL] Wait for Sign 0082,[ISL] WAIT FOR SIGN 0082
[ISL] I like Sign 0083,[ISL] I LIKE SIGN 0083
[ISL] Learn Sign 0083,[ISL] LEARN SIGN 0083
[ISL] See Sign 0083,[ISL] SEE SIGN 0083
[ISL] Can you sign Sign 0084?,[ISL] CAN YOU SIGN SIGN 0084?
[ISL] Wait for Sign 0084,[ISL] WAIT FOR SIGN 0084
[ISL] Wait for Sign 0085,[ISL] WAIT FOR SIGN 0085
[ISL] Learn Sign 0085,[ISL] LEARN SIGN 0085
[ISL] Show me Sign 0086,[ISL] SHOW ME SIGN 0086
[ISL] Translate Sign 0086,[ISL] TRANSLATE SIGN 0086
[ISL] Repeat Sign 0086,[ISL] REPEAT SIGN 0086
[ISL] Can you sign Sign 0087?,[ISL] CAN YOU SIGN SIGN 0087?
[ISL] Wait for Sign 0087,[ISL] WAIT FOR SIGN 0087
[ISL] Wait for Sign 0088,[ISL] WAIT FOR SIGN 0088
[ISL] What is Sign 0088?,[ISL] WHAT SIGN 0088?
[ISL] Repeat Sign 0088,[ISL] REPEAT SIGN 0088
[ISL] Show me Sign 0089,[ISL] SHOW ME SIGN 0089
[ISL] Repeat Sign 0089,[ISL] REPEAT SIGN 0089
[ISL] Learn Sign 0089,[ISL] LEARN SIGN 0089
[ISL] I like Sign 0090,[ISL] I LIKE SIGN 0090
[ISL] This is Sign 0090,[ISL] THIS SIGN 0090
[ISL] What is Sign 0090?,[ISL] WHAT SIGN 0090?
[ISL] See Sign 0091,[ISL] SEE SIGN 0091
[ISL] Translate Sign 0091,[ISL] TRANSLATE SIGN 0091
[ISL] This is Sign 0091,[ISL] THIS SIGN 0091
[ISL] Show me Sign 0092,[ISL] SHOW ME SIGN 0092
[ISL] I like Sign 0092,[ISL] I LIKE SIGN 0092
[ISL] Can you sign Sign 0092?,[ISL] CAN YOU SIGN SIGN 0092?
[ISL] This is Sign 0093,[ISL] THIS SIGN 0093
[ISL] Translate Sign 0093,[ISL] TRANSLATE SIGN 0093
[ISL] Learn Sign 0093,[ISL] LEARN SIGN 0093
[ISL] Repeat Sign 0094,[ISL] REPEAT SIGN 0094
[ISL] This is Sign 0094,[ISL] THIS SIGN 0094
[ISL] This is Sign 0095,[ISL] THIS SIGN 0095
[ISL] Translate Sign 0095,[ISL] TRANSLATE SIGN 0095
[ISL] Show me Sign 0096,[ISL] SHOW ME SIGN 0096
[ISL] Can you sign Sign 0096?,[ISL] CAN YOU SIGN SIGN 0096?
[ISL] Learn Sign 0097,[ISL] LEARN SIGN 0097
[ISL] This is Sign 0097,[ISL] THIS SIGN 0097
[ISL] Show me Sign 0097,[ISL] SHOW ME SIGN 0097
[ISL] Show me Sign 0098,[ISL] SHOW ME SIGN 0098
[ISL] Learn Sign 0098,[ISL] LEARN SIGN 0098
[ISL] Learn Sign 0099,[ISL] LEARN SIGN 0099
[ISL] Show me Sign 0099,[ISL] SHOW ME SIGN 0099
[ISL] Translate Sign 0099,[ISL] TRANSLATE SIGN 0099
[ISL] Learn Sign 0000,[ISL] LEARN SIGN 0000
[ISL] What is Sign 0000?,[ISL] WHAT SIGN 0000?
[ISL] What is Sign 0001?,[ISL] WHAT SIGN 0001?
[ISL] Can you sign Sign 0002?,[ISL] CAN YOU SIGN SIGN 0002?
[ISL] Repeat Sign 0002,[ISL] REPEAT SIGN 0002
[ISL] This is Sign 0003,[ISL] THIS SIGN 0003
[ISL] Learn Sign 0003,[ISL] LEARN SIGN 0003
[ISL] What is Sign 0004?,[ISL] WHAT SIGN 0004?
[ISL] Repeat Sign 0004,[ISL] REPEAT SIGN 0004
[ISL] Wait for Sign 0005,[ISL] WAIT FOR SIGN 0005
[ISL] Can you sign Sign 0005?,[ISL] CAN YOU SIGN SIGN 0005?
[ISL] I like Sign 0005,[ISL] I LIKE SIGN 0005
[ISL] Can you sign Sign 0006?,[ISL] CAN YOU SIGN SIGN 0006?
[ISL] This is Sign 0006,[ISL] THIS SIGN 0006
[ISL] This is Sign 0007,[ISL] THIS SIGN 0007
[ISL] Translate Sign 0008,[ISL] TRANSLATE SIGN 0008
[ISL] I like Sign 0008,[ISL] I LIKE SIGN 0008
[ISL] Repeat Sign 0008,[ISL] REPEAT SIGN 0008
[ISL] What is Sign 0009?,[ISL] WHAT SIGN 0009?
[ISL] See Sign 0009,[ISL] SEE SIGN 0009
[ISL] Repeat Sign 0009,[ISL] REPEAT SIGN 0009
[ISL] Can you sign Sign 0010?,[ISL] CAN YOU SIGN SIGN 0010?
[ISL] What is Sign 0010?,[ISL] WHAT SIGN 0010?
[ISL] Repeat Sign 0013,[ISL] REPEAT SIGN 0013
[ISL] What is Sign 0013?,[ISL] WHAT SIGN 0013?
[ISL] Can you sign Sign 0013?,[ISL] CAN YOU SIGN SIGN 0013?
[ISL] Learn Sign 0014,[ISL] LEARN SIGN 0014
[ISL] Show me Sign 0015,[ISL] SHOW ME SIGN 0015
[ISL] Translate Sign 0015,[ISL] TRANSLATE SIGN 0015
[ISL] See Sign 0017,[ISL] SEE SIGN 0017
[ISL] See Sign 0019,[ISL] SEE SIGN 0019
[ISL] Wait for Sign 0019,[ISL] WAIT FOR SIGN 0019
[ISL] What is Sign 0019?,[ISL] WHAT SIGN 0019?
[ISL] Repeat Sign 0020,[ISL] REPEAT SIGN 0020
[ISL] Show me Sign 0021,[ISL] SHOW ME SIGN 0021
[ISL] Wait for Sign 0021,[ISL] WAIT FOR SIGN 0021
[ISL] Repeat Sign 0022,[ISL] REPEAT SIGN 0022
[ISL] Learn Sign 0023,[ISL] LEARN SIGN 0023
[ISL] Repeat Sign 0023,[ISL] REPEAT SIGN 0023
[ISL] Learn Sign 0024,[ISL] LEARN SIGN 0024
[ISL] I like Sign 0025,[ISL] I LIKE SIGN 0025
[ISL] Show me Sign 0025,[ISL] SHOW ME SIGN 0025
[ISL] What is Sign 0025?,[ISL] WHAT SIGN 0025?
[ISL] Can you sign Sign 0026?,[ISL] CAN YOU SIGN SIGN 0026?
[ISL] What is Sign 0026?,[ISL] WHAT SIGN 0026?
[ISL] Translate Sign 0026,[ISL] TRANSLATE SIGN 0026
[ISL] Repeat Sign 0027,[ISL] REPEAT SIGN 0027
[ISL] I like Sign 0027,[ISL] I LIKE SIGN 0027
[ISL] Translate Sign 0027,[ISL] TRANSLATE SIGN 0027
[ISL] This is Sign 0028,[ISL] THIS SIGN 0028
[ISL] Translate Sign 0029,[ISL] TRANSLATE SIGN 0029
[ISL] I like Sign 0030,[ISL] I LIKE SIGN 0030
[ISL] See Sign 0030,[ISL] SEE SIGN 0030
[ISL] See Sign 0031,[ISL] SEE SIGN 0031
[ISL] Show me Sign 0031,[ISL] SHOW ME SIGN 0031
[ISL] What is Sign 0032?,[ISL] WHAT SIGN 0032?
[ISL] Wait for Sign 0032,[ISL] WAIT FOR SIGN 0032
[ISL] Show me Sign 0033,[ISL] SHOW ME SIGN 0033
[ISL] See Sign 0033,[ISL] SEE SIGN 0033
[ISL] Show me Sign 0034,[ISL] SHOW ME SIGN 0034
[ISL] Learn Sign 0035,[ISL] LEARN SIGN 0035
[ISL] See Sign 0035,[ISL] SEE SIGN 0035
[ISL] Wait for Sign 0035,[ISL] WAIT FOR SIGN 0035
[ISL] Learn Sign 0036,[ISL] LEARN SIGN 0036
[ISL] Repeat Sign 0036,[ISL] REPEAT SIGN 0036
[ISL] Repeat Sign 0037,[ISL] REPEAT SIGN 0037
[ISL] Show me Sign 0037,[ISL] SHOW ME SIGN 0037
[ISL] Learn Sign 0038,[ISL] LEARN SIGN 0038
[ISL] I like Sign 0038,[ISL] I LIKE SIGN 0038
[ISL] Learn Sign 0039,[ISL] LEARN SIGN 0039
[ISL] Can you sign Sign 0039?,[ISL] CAN YOU SIGN SIGN 0039?
[ISL] Show me Sign 0040,[ISL] SHOW ME SIGN 0040
[ISL] What is Sign 0041?,[ISL] WHAT SIGN 0041?
[ISL] See Sign 0041,[ISL] SEE SIGN 0041
[ISL] Can you sign Sign 0041?,[ISL] CAN YOU SIGN SIGN 0041?
[ISL] Show me Sign 0042,[ISL] SHOW ME SIGN 0042
[ISL] What is Sign 0042?,[ISL] WHAT SIGN 0042?
[ISL] Translate Sign 0043,[ISL] TRANSLATE SIGN 0043
[ISL] Repeat Sign 0043,[ISL] REPEAT SIGN 0043
[ISL] Can you sign Sign 0044?,[ISL] CAN YOU SIGN SIGN 0044?
[ISL] Translate Sign 0044,[ISL] TRANSLATE SIGN 0044
[ISL] Show me Sign 0044,[ISL] SHOW ME SIGN 0044
[ISL] Wait for Sign 0045,[ISL] WAIT FOR SIGN 0045
[ISL] Repeat Sign 0045,[ISL] REPEAT SIGN 0045
[ISL] See Sign 0046,[ISL] SEE SIGN 0046
[ISL] I like Sign 0046,[ISL] I LIKE SIGN 0046
[ISL] Translate Sign 0047,[ISL] TRANSLATE SIGN 0047
[ISL] Wait for Sign 0048,[ISL] WAIT FOR SIGN 0048
[ISL] Can you sign Sign 0048?,[ISL] CAN YOU SIGN SIGN 0048?
[ISL] What is Sign 0049?,[ISL] WHAT SIGN 0049?
[ISL] See Sign 0049,[ISL] SEE SIGN 0049
[ISL] Show me Sign 0050,[ISL] SHOW ME SIGN 0050
[ISL] What is Sign 0050?,[ISL] WHAT SIGN 0050?
[ISL] This is Sign 0051,[ISL] THIS SIGN 0051
[ISL] Learn Sign 0051,[ISL] LEARN SIGN 0051
[ISL] What is Sign 0052?,[ISL] WHAT SIGN 0052?
[ISL] This is Sign 0053,[ISL] THIS SIGN 0053
[ISL] Show me Sign 0054,[ISL] SHOW ME SIGN 0054
[ISL] Repeat Sign 0054,[ISL] REPEAT SIGN 0054
[ISL] See Sign 0055,[ISL] SEE SIGN 0055
[ISL] This is Sign 0055,[ISL] THIS SIGN 0055
[ISL] Can you sign Sign 0056?,[ISL] CAN YOU SIGN SIGN 0056?
[ISL] Wait for Sign 0056,[ISL] WAIT FOR SIGN 0056
[ISL] Translate Sign 0057,[ISL] TRANSLATE SIGN 0057
[ISL] Wait for Sign 0057,[ISL] WAIT FOR SIGN 0057
[ISL] What is Sign 0058?,[ISL] WHAT SIGN 0058?
[ISL] Wait for Sign 0059,[ISL] WAIT FOR SIGN 0059
[ISL] Can you sign Sign 0059?,[ISL] CAN YOU SIGN SIGN 0059?
[ISL] Translate Sign 0059,[ISL] TRANSLATE SIGN 0059
[ISL] See Sign 0060,[ISL] SEE SIGN 0060
[ISL] Learn Sign 0060,[ISL] LEARN SIGN 0060
[ISL] Can you sign Sign 0061?,[ISL] CAN YOU SIGN SIGN 0061?
[ISL] Show me Sign 0061,[ISL] SHOW ME SIGN 0061
[ISL] Learn Sign 0061,[ISL] LEARN SIGN 0061
[ISL] This is Sign 0062,[ISL] THIS SIGN 0062
[ISL] Repeat Sign 0062,[ISL] REPEAT SIGN 0062
[ISL] Wait for Sign 0062,[ISL] WAIT FOR SIGN 0062
[ISL] See Sign 0063,[ISL] SEE SIGN 0063
[ISL] Show me Sign 0063,[ISL] SHOW ME SIGN 0063
[ISL] Translate Sign 0064,[ISL] TRANSLATE SIGN 0064
[ISL] Learn Sign 0064,[ISL] LEARN SIGN 0064
[ISL] This is Sign 0064,[ISL] THIS SIGN 0064
[ISL] See Sign 0065,[ISL] SEE SIGN 0065
[ISL] I like Sign 0065,[ISL] I LIKE SIGN 0065
[ISL] What is Sign 0066?,[ISL] WHAT SIGN 0066?
[ISL] I like Sign 0066,[ISL] I LIKE SIGN 0066
[ISL] I like Sign 0067,[ISL] I LIKE SIGN 0067
[ISL] Translate Sign 0068,[ISL] TRANSLATE SIGN 0068
[ISL] Show me Sign 0068,[ISL] SHOW ME SIGN 0068
[ISL] See Sign 0069,[ISL] SEE SIGN 0069
[ISL] Learn Sign 0069,[ISL] LEARN SIGN 0069
[ISL] Show me Sign 0070,[ISL] SHOW ME SIGN 0070
[ISL] Translate Sign 0070,[ISL] TRANSLATE SIGN 0070
[ISL] This is Sign 0070,[ISL] THIS SIGN 0070
[ISL] What is Sign 0071?,[ISL] WHAT SIGN 0071?
[ISL] This is Sign 0071,[ISL] THIS SIGN 0071
[ISL] Show me Sign 0072,[ISL] SHOW ME SIGN 0072
[ISL] Show me Sign 0073,[ISL] SHOW ME SIGN 0073
[ISL] See Sign 0074,[ISL] SEE SIGN 0074
[ISL] I like Sign 0074,[ISL] I LIKE SIGN 0074
[ISL] This is Sign 0075,[ISL] THIS SIGN 0075
[ISL] Repeat Sign 0075,[ISL] REPEAT SIGN 0075
[ISL] Translate Sign 0075,[ISL] TRANSLATE SIGN 0075
[ISL] Learn Sign 0076,[ISL] LEARN SIGN 0076
[ISL] Show me Sign 0076,[ISL] SHOW ME SIGN 0076
[ISL] Can you sign Sign 0076?,[ISL] CAN YOU SIGN SIGN 0076?
[ISL] This is Sign 0077,[ISL] THIS SIGN 0077
[ISL] Translate Sign 0078,[ISL] TRANSLATE SIGN 0078
[ISL] Show me Sign 0078,[ISL] SHOW ME SIGN 0078
[ISL] Can you sign Sign 0078?,[ISL] CAN YOU SIGN SIGN 0078?
[ISL] Translate Sign 0079,[ISL] TRANSLATE SIGN 0079
[ISL] What is Sign 0080?,[ISL] WHAT SIGN 0080?
[ISL] See Sign 0081,[ISL] SEE SIGN 0081
[ISL] Repeat Sign 0081,[ISL] REPEAT SIGN 0081
[ISL] See Sign 0082,[ISL] SEE SIGN 0082
[ISL] Repeat Sign 0083,[ISL] REPEAT SIGN 0083
[ISL] Show me Sign 0083,[ISL] SHOW ME SIGN 0083
[ISL] Repeat Sign 0084,[ISL] REPEAT SIGN 0084
[ISL] See Sign 0084,[ISL] SEE SIGN 0084
[ISL] Repeat Sign 0085,[ISL] REPEAT SIGN 0085
[ISL] Can you sign Sign 0085?,[ISL] CAN YOU SIGN SIGN 0085?
[ISL] Can you sign Sign 0086?,[ISL] CAN YOU SIGN SIGN 0086?
[ISL] This is Sign 0087,[ISL] THIS SIGN 0087
[ISL] I like Sign 0088,[ISL] I LIKE SIGN 0088
[ISL] Translate Sign 0088,[ISL] TRANSLATE SIGN 0088
[ISL] Can you sign Sign 0089?,[ISL] CAN YOU SIGN SIGN 0089?
[ISL] What is Sign 0089?,[ISL] WHAT SIGN 0089?
[ISL] Learn Sign 0090,[ISL] LEARN SIGN 0090
[ISL] Wait for Sign 0091,[ISL] WAIT FOR SIGN 0091
[ISL] Can you sign Sign 0091?,[ISL] CAN YOU SIGN SIGN 0091?
[ISL] Repeat Sign 0092,[ISL] REPEAT SIGN 0092
[ISL] This is Sign 0092,[ISL] THIS SIGN 0092
[ISL] Wait for Sign 0093,[ISL] WAIT FOR SIGN 0093
[ISL] What is Sign 0093?,[ISL] WHAT SIGN 0093?
[ISL] Wait for Sign 0094,[ISL] WAIT FOR SIGN 0094
[ISL] Learn Sign 0094,[ISL] LEARN SIGN 0094
[ISL] Wait for Sign 0095,[ISL] WAIT FOR SIGN 0095
[ISL] Wait for Sign 0096,[ISL] WAIT FOR SIGN 0096
[ISL] Learn Sign 0096,[ISL] LEARN SIGN 0096
[ISL] Wait for Sign 0097,[ISL] WAIT FOR SIGN 0097
[ISL] Repeat Sign 0097,[ISL] REPEAT SIGN 0097
[ISL] Can you sign Sign 0097?,[ISL] CAN YOU SIGN SIGN 0097?
[ISL] Translate Sign 0098,[ISL] TRANSLATE SIGN 0098
[ISL] I like Sign 0099,[ISL] I LIKE SIGN 0099
[ISL] This is Sign 0099,[ISL] THIS SIGN 0099
[ISL] Can you sign Sign 0000?,[ISL] CAN YOU SIGN SIGN 0000?
[ISL] Repeat Sign 0000,[ISL] REPEAT SIGN 0000
[ISL] Learn Sign 0001,[ISL] LEARN SIGN 0001
[ISL] Translate Sign 0002,[ISL] TRANSLATE SIGN 0002
[ISL] Can you sign Sign 0004?,[ISL] CAN YOU SIGN SIGN 0004?
[ISL] See Sign 0005,[ISL] SEE SIGN 0005
[ISL] What is Sign 0006?,[ISL] WHAT SIGN 0006?
[ISL] Repeat Sign 0007,[ISL] REPEAT SIGN 0007
[ISL] Can you sign Sign 0007?,[ISL] CAN YOU SIGN SIGN 0007?
[ISL] Show me Sign 0007,[ISL] SHOW ME SIGN 0007
[ISL] This is Sign 0008,[ISL] THIS SIGN 0008
[ISL] Can you sign Sign 0009?,[ISL] CAN YOU SIGN SIGN 0009?
[ISL] Learn Sign 0010,[ISL] LEARN SIGN 0010
[ISL] Repeat Sign 0010,[ISL] REPEAT SIGN 0010
[ISL] See Sign 0010,[ISL] SEE SIGN 0010
[ISL] See Sign 0011,[ISL] SEE SIGN 0011
[ISL] Repeat Sign 0011,[ISL] REPEAT SIGN 0011
[ISL] I like Sign 0011,[ISL] I LIKE SIGN 0011
[ISL] This is Sign 0012,[ISL] THIS SIGN 0012
[ISL] Wait for Sign 0013,[ISL] WAIT FOR SIGN 0013
[ISL] Translate Sign 0014,[ISL] TRANSLATE SIGN 0014
[ISL] Repeat Sign 0015,[ISL] REPEAT SIGN 0015
[ISL] Can you sign Sign 0016?,[ISL] CAN YOU SIGN SIGN 0016?
[ISL] Learn Sign 0017,[ISL] LEARN SIGN 0017
[ISL] I like Sign 0018,[ISL] I LIKE SIGN 0018
[ISL] Learn Sign 0018,[ISL] LEARN SIGN 0018
[ISL] Learn Sign 0019,[ISL] LEARN SIGN 0019
[ISL] Wait for Sign 0020,[ISL] WAIT FOR SIGN 0020
[ISL] What is Sign 0020?,[ISL] WHAT SIGN 0020?
[ISL] Repeat Sign 0021,[ISL] REPEAT SIGN 0021
[ISL] This is Sign 0021,[ISL] THIS SIGN 0021
[ISL] Show me Sign 0022,[ISL] SHOW ME SIGN 0022
[ISL] Can you sign Sign 0024?,[ISL] CAN YOU SIGN SIGN 0024?
[ISL] Show me Sign 0024,[ISL] SHOW ME SIGN 0024
[ISL] Translate Sign 0025,[ISL] TRANSLATE SIGN 0025
[ISL] What is Sign 0028?,[ISL] WHAT SIGN 0028?
[ISL] I like Sign 0029,[ISL] I LIKE SIGN 0029
[ISL] Can you sign Sign 0030?,[ISL] CAN YOU SIGN SIGN 0030?
[ISL] Wait for Sign 0031,[ISL] WAIT FOR SIGN 0031
[ISL] I like Sign 0032,[ISL] I LIKE SIGN 0032
[ISL] Learn Sign 0032,[ISL] LEARN SIGN 0032
[ISL] Wait for Sign 0033,[ISL] WAIT FOR SIGN 0033
[ISL] Wait for Sign 0036,[ISL] WAIT FOR SIGN 0036
[ISL] This is Sign 0037,[ISL] THIS SIGN 0037
[ISL] What is Sign 0037?,[ISL] WHAT SIGN 0037?
[ISL] What is Sign 0038?,[ISL] WHAT SIGN 0038?
[ISL] Show me Sign 0038,[ISL] SHOW ME SIGN 0038
[ISL] See Sign 0039,[ISL] SEE SIGN 0039
[ISL] This is Sign 0040,[ISL] THIS SIGN 0040
[ISL] Repeat Sign 0040,[ISL] REPEAT SIGN 0040
[ISL] I like Sign 0041,[ISL] I LIKE SIGN 0041
[ISL] See Sign 0042,[ISL] SEE SIGN 0042
[ISL] See Sign 0043,[ISL] SEE SIGN 0043
[ISL] Wait for Sign 0044,[ISL] WAIT FOR SIGN 0044
[ISL] Repeat Sign 0044,[ISL] REPEAT SIGN 0044
[ISL] Show me Sign 0045,[ISL] SHOW ME SIGN 0045
[ISL] Wait for Sign 0046,[ISL] WAIT FOR SIGN 0046
[ISL] What is Sign 0048?,[ISL] WHAT SIGN 0048?
[ISL] Learn Sign 0048,[ISL] LEARN SIGN 0048
[ISL] Can you sign Sign 0050?,[ISL] CAN YOU SIGN SIGN 0050?
[ISL] What is Sign 0051?,[ISL] WHAT SIGN 0051?
[ISL] Translate Sign 0051,[ISL] TRANSLATE SIGN 0051
[ISL] Can you sign Sign 0052?,[ISL] CAN YOU SIGN SIGN 0052?
[ISL] Can you sign Sign 0053?,[ISL] CAN YOU SIGN SIGN 0053?
[ISL] Wait for Sign 0053,[ISL] WAIT FOR SIGN 0053
[ISL] Can you sign Sign 0054?,[ISL] CAN YOU SIGN SIGN 0054?
[ISL] Wait for Sign 0054,[ISL] WAIT FOR SIGN 0054
[ISL] Show me Sign 0056,[ISL] SHOW ME SIGN 0056
[ISL] What is Sign 0056?,[ISL] WHAT SIGN 0056?
[ISL] See Sign 0057,[ISL] SEE SIGN 0057
[ISL] This is Sign 0058,[ISL] THIS SIGN 0058
[ISL] See Sign 0059,[ISL] SEE SIGN 0059
[ISL] Wait for Sign 0060,[ISL] WAIT FOR SIGN 0060
[ISL] Show me Sign 0060,[ISL] SHOW ME SIGN 0060
[ISL] What is Sign 0061?,[ISL] WHAT SIGN 0061?
[ISL] Translate Sign 0061,[ISL] TRANSLATE SIGN 0061
[ISL] Translate Sign 0062,[ISL] TRANSLATE SIGN 0062
[ISL] What is Sign 0063?,[ISL] WHAT SIGN 0063?
[ISL] See Sign 0064,[ISL] SEE SIGN 0064
[ISL] Wait for Sign 0065,[ISL] WAIT FOR SIGN 0065
[ISL] Translate Sign 0067,[ISL] TRANSLATE SIGN 0067
[ISL] This is Sign 0067,[ISL] THIS SIGN 0067
[ISL] What is Sign 0068?,[ISL] WHAT SIGN 0068?
[ISL] Repeat Sign 0069,[ISL] REPEAT SIGN 0069
[ISL] Translate Sign 0071,[ISL] TRANSLATE SIGN 0071
[ISL] See Sign 0071,[ISL] SEE SIGN 0071
[ISL] See Sign 0073,[ISL] SEE SIGN 0073
[ISL] This is Sign 0073,[ISL] THIS SIGN 0073
[ISL] What is Sign 0074?,[ISL] WHAT SIGN 0074?
[ISL] Repeat Sign 0074,[ISL] REPEAT SIGN 0074
[ISL] I like Sign 0077,[ISL] I LIKE SIGN 0077
[ISL] What is Sign 0078?,[ISL] WHAT SIGN 0078?
[ISL] Repeat Sign 0079,[ISL] REPEAT SIGN 0079
[ISL] This is Sign 0079,[ISL] THIS SIGN 0079
[ISL] Show me Sign 0080,[ISL] SHOW ME SIGN 0080
[ISL] Repeat Sign 0080,[ISL] REPEAT SIGN 0080
[ISL] Learn Sign 0081,[ISL] LEARN SIGN 0081
[ISL] Show me Sign 0081,[ISL] SHOW ME SIGN 0081
[ISL] This is Sign 0081,[ISL] THIS SIGN 0081
[ISL] Translate Sign 0083,[ISL] TRANSLATE SIGN 0083
[ISL] Can you sign Sign 0083?,[ISL] CAN YOU SIGN SIGN 0083?
[ISL] What is Sign 0085?,[ISL] WHAT SIGN 0085?
[ISL] What is Sign 0086?,[ISL] WHAT SIGN 0086?
[ISL] I like Sign 0086,[ISL] I LIKE SIGN 0086
[ISL] Wait for Sign 0086,[ISL] WAIT FOR SIGN 0086
[ISL] Learn Sign 0087,[ISL] LEARN SIGN 0087
[ISL] What is Sign 0087?,[ISL] WHAT SIGN 0087?
[ISL] This is Sign 0088,[ISL] THIS SIGN 0088
[ISL] See Sign 0090,[ISL] SEE SIGN 0090
[ISL] I like Sign 0091,[ISL] I LIKE SIGN 0091
[ISL] Show me Sign 0091,[ISL] SHOW ME SIGN 0091
[ISL] Translate Sign 0092,[ISL] TRANSLATE SIGN 0092
[ISL] See Sign 0093,[ISL] SEE SIGN 0093
[ISL] I like Sign 0094,[ISL] I LIKE SIGN 0094
[ISL] What is Sign 0094?,[ISL] WHAT SIGN 0094?
[ISL] Translate Sign 0094,[ISL] TRANSLATE SIGN 0094
[ISL] See Sign 0095,[ISL] SEE SIGN 0095
[ISL] What is Sign 0095?,[ISL] WHAT SIGN 0095?
[ISL] Repeat Sign 0096,[ISL] REPEAT SIGN 0096
[ISL] What is Sign 0096?,[ISL] WHAT SIGN 0096?
[ISL] This is Sign 0096,[ISL] THIS SIGN 0096
[ISL] I like Sign 0097,[ISL] I LIKE SIGN 0097
[ISL] Can you sign Sign 0098?,[ISL] CAN YOU SIGN SIGN 0098?
[ISL] Wait for Sign 0098,[ISL] WAIT FOR SIGN 0098
[ISL] Repeat Sign 0098,[ISL] REPEAT SIGN 0098
[ISL] What is Sign 0099?,[ISL] WHAT SIGN 0099?
[ISL] Repeat Sign 0099,[ISL] REPEAT SIGN 0099
[ISL] Translate Sign 0000,[ISL] TRANSLATE SIGN 0000
[ISL] This is Sign 0001,[ISL] THIS SIGN 0001
[ISL] Wait for Sign 0002,[ISL] WAIT FOR SIGN 0002
[ISL] See Sign 0003,[ISL] SEE SIGN 0003
[ISL] Learn Sign 0004,[ISL] LEARN SIGN 0004
[ISL] Wait for Sign 0004,[ISL] WAIT FOR SIGN 0004
[ISL] This is Sign 0005,[ISL] THIS SIGN 0005
[ISL] Wait for Sign 0008,[ISL] WAIT FOR SIGN 0008
[ISL] This is Sign 0009,[ISL] THIS SIGN 0009
[ISL] This is Sign 0010,[ISL] THIS SIGN 0010
[ISL] Can you sign Sign 0011?,[ISL] CAN YOU SIGN SIGN 0011?
[ISL] Show me Sign 0012,[ISL] SHOW ME SIGN 0012
[ISL] I like Sign 0013,[ISL] I LIKE SIGN 0013
[ISL] See Sign 0013,[ISL] SEE SIGN 0013
[ISL] Repeat Sign 0014,[ISL] REPEAT SIGN 0014
[ISL] See Sign 0016,[ISL] SEE SIGN 0016
[ISL] Wait for Sign 0017,[ISL] WAIT FOR SIGN 0017
[ISL] Translate Sign 0018,[ISL] TRANSLATE SIGN 0018
[ISL] Can you sign Sign 0018?,[ISL] CAN YOU SIGN SIGN 0018?
[ISL] Can you sign Sign 0019?,[ISL] CAN YOU SIGN SIGN 0019?
[ISL] Repeat Sign 0019,[ISL] REPEAT SIGN 0019
[ISL] I like Sign 0019,[ISL] I LIKE SIGN 0019
[ISL] This is Sign 0020,[ISL] THIS SIGN 0020
[ISL] Learn Sign 0020,[ISL] LEARN SIGN 0020
[ISL] Learn Sign 0021,[ISL] LEARN SIGN 0021
[ISL] Learn Sign 0022,[ISL] LEARN SIGN 0022
[ISL] Translate Sign 0022,[ISL] TRANSLATE SIGN 0022
[ISL] I like Sign 0022,[ISL] I LIKE SIGN 0022
[ISL] See Sign 0023,[ISL] SEE SIGN 0023
[ISL] What is Sign 0024?,[ISL] WHAT SIGN 0024?
[ISL] Can you sign Sign 0025?,[ISL] CAN YOU SIGN SIGN 0025?
[ISL] Show me Sign 0029,[ISL] SHOW ME SIGN 0029
[ISL] Repeat Sign 0030,[ISL] REPEAT SIGN 0030
[ISL] Wait for Sign 0030,[ISL] WAIT FOR SIGN 0030
[ISL] Can you sign Sign 0031?,[ISL] CAN YOU SIGN SIGN 0031?
[ISL] What is Sign 0034?,[ISL] WHAT SIGN 0034?
[ISL] Repeat Sign 0034,[ISL] REPEAT SIGN 0034
[ISL] What is Sign 0035?,[ISL] WHAT SIGN 0035?
[ISL] See Sign 0036,[ISL] SEE SIGN 0036
[ISL] Learn Sign 0037,[ISL] LEARN SIGN 0037
[ISL] Wait for Sign 0038,[ISL] WAIT FOR SIGN 0038
[ISL] Show me Sign 0039,[ISL] SHOW ME SIGN 0039
[ISL] This is Sign 0039,[ISL] THIS SIGN 0039
[ISL] Wait for Sign 0040,[ISL] WAIT FOR SIGN 0040
[ISL] What is Sign 0045?,[ISL] WHAT SIGN 0045?
[ISL] This is Sign 0046,[ISL] THIS SIGN 0046
[ISL] Show me Sign 0047,[ISL] SHOW ME SIGN 0047
[ISL] Learn Sign 0047,[ISL] LEARN SIGN 0047
[ISL] This is Sign 0048,[ISL] THIS SIGN 0048
[ISL] Translate Sign 0049,[ISL] TRANSLATE SIGN 0049
[ISL] I like Sign 0051,[ISL] I LIKE SIGN 0051
[ISL] Learn Sign 0052,[ISL] LEARN SIGN 0052
[ISL] See Sign 0052,[ISL] SEE SIGN 0052
[ISL] Learn Sign 0053,[ISL] LEARN SIGN 0053
[ISL] What is Sign 0054?,[ISL] WHAT SIGN 0054?
[ISL] Show me Sign 0055,[ISL] SHOW ME SIGN 0055
[ISL] Repeat Sign 0056,[ISL] REPEAT SIGN 0056
[ISL] Learn Sign 0057,[ISL] LEARN SIGN 0057
[ISL] See Sign 0058,[ISL] SEE SIGN 0058
[ISL] Translate Sign 0058,[ISL] TRANSLATE SIGN 0058
[ISL] Learn Sign 0058,[ISL] LEARN SIGN 0058
[ISL] Show me Sign 0062,[ISL] SHOW ME SIGN 0062
[ISL] I like Sign 0063,[ISL] I LIKE SIGN 0063
[ISL] Wait for Sign 0064,[ISL] WAIT FOR SIGN 0064
[ISL] What is Sign 0065?,[ISL] WHAT SIGN 0065?
[ISL] Translate Sign 0066,[ISL] TRANSLATE SIGN 0066
[ISL] Learn Sign 0066,[ISL] LEARN SIGN 0066
[ISL] Repeat Sign 0066,[ISL] REPEAT SIGN 0066
[ISL] What is Sign 0067?,[ISL] WHAT SIGN 0067?
[ISL] See Sign 0068,[ISL] SEE SIGN 0068
[ISL] What is Sign 0070?,[ISL] WHAT SIGN 0070?
[ISL] Repeat Sign 0070,[ISL] REPEAT SIGN 0070
[ISL] Show me Sign 0071,[ISL] SHOW ME SIGN 0071
[ISL] Translate Sign 0072,[ISL] TRANSLATE SIGN 0072
[ISL] What is Sign 0073?,[ISL] WHAT SIGN 0073?
[ISL] Repeat Sign 0077,[ISL] REPEAT SIGN 0077
[ISL] Show me Sign 0079,[ISL] SHOW ME SIGN 0079
[ISL] Can you sign Sign 0081?,[ISL] CAN YOU SIGN SIGN 0081?
[ISL] This is Sign 0082,[ISL] THIS SIGN 0082
[ISL] Translate Sign 0082,[ISL] TRANSLATE SIGN 0082
[ISL] Repeat Sign 0082,[ISL] REPEAT SIGN 0082
[ISL] Learn Sign 0084,[ISL] LEARN SIGN 0084
[ISL] Show me Sign 0085,[ISL] SHOW ME SIGN 0085
[ISL] Wait for Sign 0089,[ISL] WAIT FOR SIGN 0089
[ISL] Repeat Sign 0090,[ISL] REPEAT SIGN 0090
[ISL] Can you sign Sign 0090?,[ISL] CAN YOU SIGN SIGN 0090?
[ISL] Repeat Sign 0093,[ISL] REPEAT SIGN 0093
[ISL] Learn Sign 0095,[ISL] LEARN SIGN 0095
[ISL] See Sign 0096,[ISL] SEE SIGN 0096
[ISL] What is Sign 0098?,[ISL] WHAT SIGN 0098?
[ISL] Can you sign Sign 0099?,[ISL] CAN YOU SIGN SIGN 0099?
[ISL] Wait for Sign 0099,[ISL] WAIT FOR SIGN 0099
[ISL] I like Sign 0001,[ISL] I LIKE SIGN 0001
[ISL] Can you sign Sign 0003?,[ISL] CAN YOU SIGN SIGN 0003?
[ISL] Repeat Sign 0005,[ISL] REPEAT SIGN 0005
[ISL] Translate Sign 0005,[ISL] TRANSLATE SIGN 0005
[ISL] See Sign 0006,[ISL] SEE SIGN 0006
[ISL] Wait for Sign 0006,[ISL] WAIT FOR SIGN 0006
[ISL] See Sign 0007,[ISL] SEE SIGN 0007
[ISL] Translate Sign 0013,[ISL] TRANSLATE SIGN 0013
[ISL] Repeat Sign 0017,[ISL] REPEAT SIGN 0017
[ISL] Can you sign Sign 0020?,[ISL] CAN YOU SIGN SIGN 0020?
[ISL] Can you sign Sign 0022?,[ISL] CAN YOU SIGN SIGN 0022?
[ISL] This is Sign 0025,[ISL] THIS SIGN 0025
[ISL] Wait for Sign 0027,[ISL] WAIT FOR SIGN 0027
[ISL] What is Sign 0027?,[ISL] WHAT SIGN 0027?
[ISL] Translate Sign 0031,[ISL] TRANSLATE SIGN 0031
[ISL] What is Sign 0031?,[ISL] WHAT SIGN 0031?
[ISL] I like Sign 0033,[ISL] I LIKE SIGN 0033
[ISL] Show me Sign 0035,[ISL] SHOW ME SIGN 0035
[ISL] Translate Sign 0036,[ISL] TRANSLATE SIGN 0036
[ISL] Repeat Sign 0039,[ISL] REPEAT SIGN 0039
[ISL] I like Sign 0039,[ISL] I LIKE SIGN 0039
[ISL] What is Sign 0040?,[ISL] WHAT SIGN 0040?
[ISL] Repeat Sign 0041,[ISL] REPEAT SIGN 0041
[ISL] I like Sign 0043,[ISL] I LIKE SIGN 0043
[ISL] Show me Sign 0043,[ISL] SHOW ME SIGN 0043
[ISL] Show me Sign 0046,[ISL] SHOW ME SIGN 0046
[ISL] Repeat Sign 0048,[ISL] REPEAT SIGN 0048
[ISL] Wait for Sign 0051,[ISL] WAIT FOR SIGN 0051
[ISL] This is Sign 0054,[ISL] THIS SIGN 0054
[ISL] Translate Sign 0055,[ISL] TRANSLATE SIGN 0055
[ISL] Repeat Sign 0059,[ISL] REPEAT SIGN 0059
[ISL] Can you sign Sign 0060?,[ISL] CAN YOU SIGN SIGN 0060?
[ISL] This is Sign 0063,[ISL] THIS SIGN 0063
[ISL] Repeat Sign 0065,[ISL] REPEAT SIGN 0065
[ISL] This is Sign 0066,[ISL] THIS SIGN 0066
[ISL] Can you sign Sign 0067?,[ISL] CAN YOU SIGN SIGN 0067?
[ISL] What is Sign 0069?,[ISL] WHAT SIGN 0069?
[ISL] Can you sign Sign 0070?,[ISL] CAN YOU SIGN SIGN 0070?
[ISL] Can you sign Sign 0071?,[ISL] CAN YOU SIGN SIGN 0071?
[ISL] This is Sign 0074,[ISL] THIS SIGN 0074
[ISL] Translate Sign 0076,[ISL] TRANSLATE SIGN 0076
[ISL] Learn Sign 0077,[ISL] LEARN SIGN 0077
[ISL] What is Sign 0082?,[ISL] WHAT SIGN 0082?
[ISL] Translate Sign 0084,[ISL] TRANSLATE SIGN 0084
[ISL] I like Sign 0085,[ISL] I LIKE SIGN 0085
[ISL] This is Sign 0086,[ISL] THIS SIGN 0086
[ISL] See Sign 0086,[ISL] SEE SIGN 0086
[ISL] Repeat Sign 0087,[ISL] REPEAT SIGN 0087
[ISL] Show me Sign 0088,[ISL] SHOW ME SIGN 0088
[ISL] I like Sign 0089,[ISL] I LIKE SIGN 0089
[ISL] Translate Sign 0090,[ISL] TRANSLATE SIGN 0090
[ISL] Repeat Sign 0091,[ISL] REPEAT SIGN 0091
[ISL] Wait for Sign 0092,[ISL] WAIT FOR SIGN 0092
[ISL] Translate Sign 0097,[ISL] TRANSLATE SIGN 0097
[ISL] See Sign 0099,[ISL] SEE SIGN 0099
[ISL] See Sign 0000,[ISL] SEE SIGN 0000
[ISL] I like Sign 0002,[ISL] I LIKE SIGN 0002
[ISL] Translate Sign 0007,[ISL] TRANSLATE SIGN 0007
[ISL] Show me Sign 0008,[ISL] SHOW ME SIGN 0008
[ISL] Wait for Sign 0009,[ISL] WAIT FOR SIGN 0009
[ISL] Repeat Sign 0012,[ISL] REPEAT SIGN 0012
[ISL] I like Sign 0014,[ISL] I LIKE SIGN 0014
[ISL] What is Sign 0014?,[ISL] WHAT SIGN 0014?
[ISL] See Sign 0014,[ISL] SEE SIGN 0014
[ISL] Wait for Sign 0015,[ISL] WAIT FOR SIGN 0015
[ISL] I like Sign 0016,[ISL] I LIKE SIGN 0016
[ISL] See Sign 0024,[ISL] SEE SIGN 0024
[ISL] What is Sign 0029?,[ISL] WHAT SIGN 0029?
[ISL] Can you sign Sign 0042?,[ISL] CAN YOU SIGN SIGN 0042?
[ISL] This is Sign 0047,[ISL] THIS SIGN 0047
[ISL] Learn Sign 0049,[ISL] LEARN SIGN 0049
[ISL] Wait for Sign 0052,[ISL] WAIT FOR SIGN 0052
[ISL] What is Sign 0053?,[ISL] WHAT SIGN 0053?
[ISL] Show me Sign 0057,[ISL] SHOW ME SIGN 0057
[ISL] Can you sign Sign 0058?,[ISL] CAN YOU SIGN SIGN 0058?
[ISL] Show me Sign 0058,[ISL] SHOW ME SIGN 0058
[ISL] Learn Sign 0059,[ISL] LEARN SIGN 0059
[ISL] Repeat Sign 0060,[ISL] REPEAT SIGN 0060
[ISL] Wait for Sign 0061,[ISL] WAIT FOR SIGN 0061
[ISL] Repeat Sign 0064,[ISL] REPEAT SIGN 0064
[ISL] Show me Sign 0066,[ISL] SHOW ME SIGN 0066
[ISL] Learn Sign 0067,[ISL] LEARN SIGN 0067
[ISL] Can you sign Sign 0069?,[ISL] CAN YOU SIGN SIGN 0069?
[ISL] Learn Sign 0072,[ISL] LEARN SIGN 0072
[ISL] See Sign 0072,[ISL] SEE SIGN 0072
[ISL] Wait for Sign 0076,[ISL] WAIT FOR SIGN 0076
[ISL] See Sign 0078,[ISL] SEE SIGN 0078
[ISL] Show me Sign 0082,[ISL] SHOW ME SIGN 0082
[ISL] Wait for Sign 0083,[ISL] WAIT FOR SIGN 0083
[ISL] Show me Sign 0084,[ISL] SHOW ME SIGN 0084
[ISL] Translate Sign 0085,[ISL] TRANSLATE SIGN 0085
[ISL] See Sign 0085,[ISL] SEE SIGN 0085
[ISL] Learn Sign 0086,[ISL] LEARN SIGN 0086
[ISL] What is Sign 0091?,[ISL] WHAT SIGN 0091?
[ISL] This is Sign 0098,[ISL] THIS SIGN 0098
[ISL] Show me Sign 0000,[ISL] SHOW ME SIGN 0000
[ISL] Can you sign Sign 0001?,[ISL] CAN YOU SIGN SIGN 0001?
[ISL] Show me Sign 0002,[ISL] SHOW ME SIGN 0002
[ISL] Show me Sign 0011,[ISL] SHOW ME SIGN 0011
[ISL] Wait for Sign 0014,[ISL] WAIT FOR SIGN 0014
[ISL] Can you sign Sign 0015?,[ISL] CAN YOU SIGN SIGN 0015?
[ISL] Repeat Sign 0018,[ISL] REPEAT SIGN 0018
[ISL] What is Sign 0023?,[ISL] WHAT SIGN 0023?
[ISL] See Sign 0025,[ISL] SEE SIGN 0025
[ISL] This is Sign 0026,[ISL] THIS SIGN 0026
[ISL] This is Sign 0027,[ISL] THIS SIGN 0027
[ISL] Learn Sign 0028,[ISL] LEARN SIGN 0028
[ISL] See Sign 0028,[ISL] SEE SIGN 0028
[ISL] Can you sign Sign 0033?,[ISL] CAN YOU SIGN SIGN 0033?
[ISL] I like Sign 0040,[ISL] I LIKE SIGN 0040
[ISL] This is Sign 0041,[ISL] THIS SIGN 0041
[ISL] I like Sign 0042,[ISL] I LIKE SIGN 0042
[ISL] Can you sign Sign 0043?,[ISL] CAN YOU SIGN SIGN 0043?
[ISL] What is Sign 0044?,[ISL] WHAT SIGN 0044?
[ISL] Learn Sign 0045,[ISL] LEARN SIGN 0045
[ISL] Can you sign Sign 0047?,[ISL] CAN YOU SIGN SIGN 0047?
[ISL] Repeat Sign 0047,[ISL] REPEAT SIGN 0047
[ISL] Wait for Sign 0047,[ISL] WAIT FOR SIGN 0047
[ISL] Repeat Sign 0052,[ISL] REPEAT SIGN 0052
[ISL] Translate Sign 0053,[ISL] TRANSLATE SIGN 0053
[ISL] Translate Sign 0060,[ISL] TRANSLATE SIGN 0060
[ISL] I like Sign 0061,[ISL] I LIKE SIGN 0061
[ISL] Can you sign Sign 0062?,[ISL] CAN YOU SIGN SIGN 0062?
[ISL] Repeat Sign 0063,[ISL] REPEAT SIGN 0063
[ISL] Can you sign Sign 0064?,[ISL] CAN YOU SIGN SIGN 0064?
[ISL] Wait for Sign 0067,[ISL] WAIT FOR SIGN 0067
[ISL] I like Sign 0072,[ISL] I LIKE SIGN 0072
[ISL] Can you sign Sign 0077?,[ISL] CAN YOU SIGN SIGN 0077?
[ISL] See Sign 0079,[ISL] SEE SIGN 0079
[ISL] This is Sign 0080,[ISL] THIS SIGN 0080
[ISL] This is Sign 0083,[ISL] THIS SIGN 0083
[ISL] This is Sign 0002,[ISL] THIS SIGN 0002
[ISL] I like Sign 0007,[ISL] I LIKE SIGN 0007
[ISL] What is Sign 0008?,[ISL] WHAT SIGN 0008?
[ISL] This is Sign 0011,[ISL] THIS SIGN 0011
[ISL] I like Sign 0017,[ISL] I LIKE SIGN 0017
[ISL] I like Sign 0021,[ISL] I LIKE SIGN 0021
[ISL] This is Sign 0029,[ISL] THIS SIGN 0029
[ISL] Wait for Sign 0029,[ISL] WAIT FOR SIGN 0029
[ISL] Translate Sign 0030,[ISL] TRANSLATE SIGN 0030
[ISL] See Sign 0032,[ISL] SEE SIGN 0032
[ISL] Learn Sign 0034,[ISL] LEARN SIGN 0034
[ISL] Can you sign Sign 0034?,[ISL] CAN YOU SIGN SIGN 0034?
[ISL] Translate Sign 0038,[ISL] TRANSLATE SIGN 0038
[ISL] Translate Sign 0046,[ISL] TRANSLATE SIGN 0046
[ISL] Show me Sign 0049,[ISL] SHOW ME SIGN 0049
[ISL] See Sign 0051,[ISL] SEE SIGN 0051
[ISL] I like Sign 0053,[ISL] I LIKE SIGN 0053
[ISL] Learn Sign 0055,[ISL] LEARN SIGN 0055
[ISL] Show me Sign 0075,[ISL] SHOW ME SIGN 0075
[ISL] See Sign 0075,[ISL] SEE SIGN 0075
[ISL] Repeat Sign 0078,[ISL] REPEAT SIGN 0078
[ISL] What is Sign 0079?,[ISL] WHAT SIGN 0079?
[ISL] Wait for Sign 0080,[ISL] WAIT FOR SIGN 0080
[ISL] Show me Sign 0090,[ISL] SHOW ME SIGN 0090
[ISL] Repeat Sign 0095,[ISL] REPEAT SIGN 0095
[ISL] Wait for Sign 0016,[ISL] WAIT FOR SIGN 0016
[ISL] What is Sign 0018?,[ISL] WHAT SIGN 0018?
[ISL] Translate Sign 0020,[ISL] TRANSLATE SIGN 0020
[ISL] This is Sign 0023,[ISL] THIS SIGN 0023
[ISL] Wait for Sign 0024,[ISL] WAIT FOR SIGN 0024
[ISL] Wait for Sign 0026,[ISL] WAIT FOR SIGN 0026
[ISL] Translate Sign 0028,[ISL] TRANSLATE SIGN 0028
[ISL] Learn Sign 0031,[ISL] LEARN SIGN 0031
[ISL] This is Sign 0043,[ISL] THIS SIGN 0043
[ISL] I like Sign 0045,[ISL] I LIKE SIGN 0045
[ISL] I like Sign 0050,[ISL] I LIKE SIGN 0050
[ISL] Learn Sign 0062,[ISL] LEARN SIGN 0062
[ISL] This is Sign 0068,[ISL] THIS SIGN 0068
[ISL] What is Sign 0072?,[ISL] WHAT SIGN 0072?
[ISL] Can you sign Sign 0074?,[ISL] CAN YOU SIGN SIGN 0074?
[ISL] Learn Sign 0075,[ISL] LEARN SIGN 0075
[ISL] Translate Sign 0077,[ISL] TRANSLATE SIGN 0077
[ISL] See Sign 0088,[ISL] SEE SIGN 0088
[ISL] See Sign 0001,[ISL] SEE SIGN 0001
[ISL] What is Sign 0003?,[ISL] WHAT SIGN 0003?
[ISL] I like Sign 0004,[ISL] I LIKE SIGN 0004
[ISL] Translate Sign 0017,[ISL] TRANSLATE SIGN 0017
[ISL] Wait for Sign 0018,[ISL] WAIT FOR SIGN 0018
[ISL] Show me Sign 0030,[ISL] SHOW ME SIGN 0030
[ISL] Translate Sign 0056,[ISL] TRANSLATE SIGN 0056
[ISL] Can you sign Sign 0063?,[ISL] CAN YOU SIGN SIGN 0063?
[ISL] Show me Sign 0065,[ISL] SHOW ME SIGN 0065
[ISL] I like Sign 0070,[ISL] I LIKE SIGN 0070
[ISL] Translate Sign 0089,[ISL] TRANSLATE SIGN 0089
[ISL] Wait for Sign 0090,[ISL] WAIT FOR SIGN 0090
[ISL] Can you sign Sign 0093?,[ISL] CAN YOU SIGN SIGN 0093?
[ISL] Wait for Sign 0010,[ISL] WAIT FOR SIGN 0010
[ISL] I like Sign 0012,[ISL] I LIKE SIGN 0012
[ISL] What is Sign 0015?,[ISL] WHAT SIGN 0015?
[ISL] Show me Sign 0036,[ISL] SHOW ME SIGN 0036
[ISL] Wait for Sign 0041,[ISL] WAIT FOR SIGN 0041
[ISL] Learn Sign 0046,[ISL] LEARN SIGN 0046
[ISL] I like Sign 0048,[ISL] I LIKE SIGN 0048
[ISL] Repeat Sign 0050,[ISL] REPEAT SIGN 0050
[ISL] Repeat Sign 0055,[ISL] REPEAT SIGN 0055
[ISL] This is Sign 0078,[ISL] THIS SIGN 0078
[ISL] Translate Sign 0081,[ISL] TRANSLATE SIGN 0081
[ISL] Learn Sign 0092,[ISL] LEARN SIGN 0092
[ISL] Show me Sign 0093,[ISL] SHOW ME SIGN 0093
[ISL] I like Sign 0003,[ISL] I LIKE SIGN 0003
[ISL] This is Sign 0034,[ISL] THIS SIGN 0034
[ISL] Wait for Sign 0042,[ISL] WAIT FOR SIGN 0042
[ISL] Show me Sign 0077,[ISL] SHOW ME SIGN 0077
[ISL] Learn Sign 0088,[ISL] LEARN SIGN 0088
[ISL] Show me Sign 0094,[ISL] SHOW ME SIGN 0094
[ISL] I like Sign 0009,[ISL] I LIKE SIGN 0009
[ISL] What is Sign 0022?,[ISL] WHAT SIGN 0022?
[ISL] Wait for Sign 0023,[ISL] WAIT FOR SIGN 0023
[ISL] See Sign 0097,[ISL] SEE SIGN 0097
[ISL] See Sign 0098,[ISL] SEE SIGN 0098
[ISL] Repeat Sign 0024,[ISL] REPEAT SIGN 0024
[ISL] Learn Sign 0071,[ISL] LEARN SIGN 0071
[ISL] I like Sign 0087,[ISL] I LIKE SIGN 0087
[ISL] Learn Sign 0091,[ISL] LEARN SIGN 0091
[ISL] Can you sign Sign 0094?,[ISL] CAN YOU SIGN SIGN 0094?
[ISL] What is Sign 0057?,[ISL] WHAT SIGN 0057?
[ISL] What is Sign 0092?,[ISL] WHAT SIGN 0092?
[ISL] See Sign 0038,[ISL] SEE SIGN 0038
[LSA] See Sign 0000,[LSA] SEE SIGN 0000
[LSA] Can you sign Sign 0000?,[LSA] CAN YOU SIGN SIGN 0000?
[LSA] What is Sign 0000?,[LSA] WHAT SIGN 0000?
[LSA] I like Sign 0001,[LSA] I LIKE SIGN 0001
[LSA] What is Sign 0001?,[LSA] WHAT SIGN 0001?
[LSA] Repeat Sign 0001,[LSA] REPEAT SIGN 0001
[LSA] I like Sign 0002,[LSA] I LIKE SIGN 0002
[LSA] See Sign 0002,[LSA] SEE SIGN 0002
[LSA] Wait for Sign 0002,[LSA] WAIT FOR SIGN 0002
[LSA] I like Sign 0003,[LSA] I LIKE SIGN 0003
[LSA] Show me Sign 0004,[LSA] SHOW ME SIGN 0004
[LSA] Repeat Sign 0004,[LSA] REPEAT SIGN 0004
[LSA] I like Sign 0005,[LSA] I LIKE SIGN 0005
[LSA] Wait for Sign 0005,[LSA] WAIT FOR SIGN 0005
[LSA] Translate Sign 0005,[LSA] TRANSLATE SIGN 0005
[LSA] This is Sign 0006,[LSA] THIS SIGN 0006
[LSA] Repeat Sign 0006,[LSA] REPEAT SIGN 0006
[LSA] Learn Sign 0007,[LSA] LEARN SIGN 0007
[LSA] I like Sign 0007,[LSA] I LIKE SIGN 0007
[LSA] Translate Sign 0007,[LSA] TRANSLATE SIGN 0007
[LSA] I like Sign 0008,[LSA] I LIKE SIGN 0008
[LSA] Learn Sign 0008,[LSA] LEARN SIGN 0008
[LSA] Translate Sign 0008,[LSA] TRANSLATE SIGN 0008
[LSA] Wait for Sign 0009,[LSA] WAIT FOR SIGN 0009
[LSA] I like Sign 0009,[LSA] I LIKE SIGN 0009
[LSA] Can you sign Sign 0009?,[LSA] CAN YOU SIGN SIGN 0009?
[LSA] Show me Sign 0010,[LSA] SHOW ME SIGN 0010
[LSA] Learn Sign 0010,[LSA] LEARN SIGN 0010
[LSA] See Sign 0010,[LSA] SEE SIGN 0010
[LSA] Learn Sign 0011,[LSA] LEARN SIGN 0011
[LSA] See Sign 0011,[LSA] SEE SIGN 0011
[LSA] Repeat Sign 0011,[LSA] REPEAT SIGN 0011
[LSA] Repeat Sign 0012,[LSA] REPEAT SIGN 0012
[LSA] Show me Sign 0012,[LSA] SHOW ME SIGN 0012
[LSA] What is Sign 0013?,[LSA] WHAT SIGN 0013?
[LSA] Wait for Sign 0013,[LSA] WAIT FOR SIGN 0013
[LSA] Can you sign Sign 0013?,[LSA] CAN YOU SIGN SIGN 0013?
[LSA] Repeat Sign 0014,[LSA] REPEAT SIGN 0014
[LSA] This is Sign 0014,[LSA] THIS SIGN 0014
[LSA] Can you sign Sign 0014?,[LSA] CAN YOU SIGN SIGN 0014?
[LSA] I like Sign 0015,[LSA] I LIKE SIGN 0015
[LSA] Repeat Sign 0015,[LSA] REPEAT SIGN 0015
[LSA] Can you sign Sign 0016?,[LSA] CAN YOU SIGN SIGN 0016?
[LSA] Wait for Sign 0016,[LSA] WAIT FOR SIGN 0016
[LSA] This is Sign 0016,[LSA] THIS SIGN 0016
[LSA] Translate Sign 0017,[LSA] TRANSLATE SIGN 0017
[LSA] I like Sign 0017,[LSA] I LIKE SIGN 0017
[LSA] See Sign 0017,[LSA] SEE SIGN 0017
[LSA] I like Sign 0018,[LSA] I LIKE SIGN 0018
[LSA] What is Sign 0018?,[LSA] WHAT SIGN 0018?
[LSA] I like Sign 0019,[LSA] I LIKE SIGN 0019
[LSA] This is Sign 0019,[LSA] THIS SIGN 0019
[LSA] Repeat Sign 0019,[LSA] REPEAT SIGN 0019
[LSA] Wait for Sign 0020,[LSA] WAIT FOR SIGN 0020
[LSA] Show me Sign 0020,[LSA] SHOW ME SIGN 0020
[LSA] Learn Sign 0020,[LSA] LEARN SIGN 0020
[LSA] Show me Sign 0021,[LSA] SHOW ME SIGN 0021
[LSA] Learn Sign 0021,[LSA] LEARN SIGN 0021
[LSA] Wait for Sign 0021,[LSA] WAIT FOR SIGN 0021
[LSA] Repeat Sign 0022,[LSA] REPEAT SIGN 0022
[LSA] Can you sign Sign 0022?,[LSA] CAN YOU SIGN SIGN 0022?
[LSA] Translate Sign 0022,[LSA] TRANSLATE SIGN 0022
[LSA] What is Sign 0023?,[LSA] WHAT SIGN 0023?
[LSA] See Sign 0023,[LSA] SEE SIGN 0023
[LSA] Can you sign Sign 0023?,[LSA] CAN YOU SIGN SIGN 0023?
[LSA] Wait for Sign 0024,[LSA] WAIT FOR SIGN 0024
[LSA] Translate Sign 0024,[LSA] TRANSLATE SIGN 0024
[LSA] Learn Sign 0024,[LSA] LEARN SIGN 0024
[LSA] Learn Sign 0025,[LSA] LEARN SIGN 0025
[LSA] Wait for Sign 0025,[LSA] WAIT FOR SIGN 0025
[LSA] This is Sign 0025,[LSA] THIS SIGN 0025
[LSA] Translate Sign 0026,[LSA] TRANSLATE SIGN 0026
[LSA] Wait for Sign 0026,[LSA] WAIT FOR SIGN 0026
[LSA] This is Sign 0026,[LSA] THIS SIGN 0026
[LSA] Translate Sign 0027,[LSA] TRANSLATE SIGN 0027
[LSA] Can you sign Sign 0027?,[LSA] CAN YOU SIGN SIGN 0027?
[LSA] Repeat Sign 0027,[LSA] REPEAT SIGN 0027
[LSA] Translate Sign 0028,[LSA] TRANSLATE SIGN 0028
[LSA] Can you sign Sign 0028?,[LSA] CAN YOU SIGN SIGN 0028?
[LSA] See Sign 0028,[LSA] SEE SIGN 0028
[LSA] Learn Sign 0029,[LSA] LEARN SIGN 0029
[LSA] I like Sign 0029,[LSA] I LIKE SIGN 0029
[LSA] Show me Sign 0029,[LSA] SHOW ME SIGN 0029
[LSA] Repeat Sign 0030,[LSA] REPEAT SIGN 0030
[LSA] Translate Sign 0030,[LSA] TRANSLATE SIGN 0030
[LSA] What is Sign 0030?,[LSA] WHAT SIGN 0030?
[LSA] What is Sign 0031?,[LSA] WHAT SIGN 0031?
[LSA] Can you sign Sign 0031?,[LSA] CAN YOU SIGN SIGN 0031?
[LSA] Learn Sign 0032,[LSA] LEARN SIGN 0032
[LSA] This is Sign 0032,[LSA] THIS SIGN 0032
[LSA] Can you sign Sign 0032?,[LSA] CAN YOU SIGN SIGN 0032?
[LSA] Can you sign Sign 0033?,[LSA] CAN YOU SIGN SIGN 0033?
[LSA] This is Sign 0033,[LSA] THIS SIGN 0033
[LSA] This is Sign 0034,[LSA] THIS SIGN 0034
[LSA] Wait for Sign 0034,[LSA] WAIT FOR SIGN 0034
[LSA] Repeat Sign 0035,[LSA] REPEAT SIGN 0035
[LSA] This is Sign 0035,[LSA] THIS SIGN 0035
[LSA] What is Sign 0035?,[LSA] WHAT SIGN 0035?
[LSA] Wait for Sign 0036,[LSA] WAIT FOR SIGN 0036
[LSA] See Sign 0036,[LSA] SEE SIGN 0036
[LSA] This is Sign 0036,[LSA] THIS SIGN 0036
[LSA] Wait for Sign 0037,[LSA] WAIT FOR SIGN 0037
[LSA] Can you sign Sign 0037?,[LSA] CAN YOU SIGN SIGN 0037?
[LSA] What is Sign 0038?,[LSA] WHAT SIGN 0038?
[LSA] Show me Sign 0038,[LSA] SHOW ME SIGN 0038
[LSA] Repeat Sign 0038,[LSA] REPEAT SIGN 0038
[LSA] What is Sign 0039?,[LSA] WHAT SIGN 0039?
[LSA] Wait for Sign 0039,[LSA] WAIT FOR SIGN 0039
[LSA] See Sign 0039,[LSA] SEE SIGN 0039
[LSA] Can you sign Sign 0040?,[LSA] CAN YOU SIGN SIGN 0040?
[LSA] Translate Sign 0040,[LSA] TRANSLATE SIGN 0040
[LSA] Learn Sign 0040,[LSA] LEARN SIGN 0040
[LSA] What is Sign 0041?,[LSA] WHAT SIGN 0041?
[LSA] I like Sign 0041,[LSA] I LIKE SIGN 0041
[LSA] This is Sign 0041,[LSA] THIS SIGN 0041
[LSA] What is Sign 0042?,[LSA] WHAT SIGN 0042?
[LSA] Can you sign Sign 0042?,[LSA] CAN YOU SIGN SIGN 0042?
[LSA] This is Sign 0042,[LSA] THIS SIGN 0042
[LSA] Wait for Sign 0043,[LSA] WAIT FOR SIGN 0043
[LSA] Repeat Sign 0043,[LSA] REPEAT SIGN 0043
[LSA] What is Sign 0043?,[LSA] WHAT SIGN 0043?
[LSA] Can you sign Sign 0044?,[LSA] CAN YOU SIGN SIGN 0044?
[LSA] This is Sign 0044,[LSA] THIS SIGN 0044
[LSA] Repeat Sign 0044,[LSA] REPEAT SIGN 0044
[LSA] I like Sign 0045,[LSA] I LIKE SIGN 0045
[LSA] Wait for Sign 0045,[LSA] WAIT FOR SIGN 0045
[LSA] This is Sign 0046,[LSA] THIS SIGN 0046
[LSA] Learn Sign 0046,[LSA] LEARN SIGN 0046
[LSA] What is Sign 0046?,[LSA] WHAT SIGN 0046?
[LSA] Learn Sign 0047,[LSA] LEARN SIGN 0047
[LSA] I like Sign 0047,[LSA] I LIKE SIGN 0047
[LSA] Repeat Sign 0047,[LSA] REPEAT SIGN 0047
[LSA] What is Sign 0048?,[LSA] WHAT SIGN 0048?
[LSA] Learn Sign 0048,[LSA] LEARN SIGN 0048
[LSA] Show me Sign 0049,[LSA] SHOW ME SIGN 0049
[LSA] I like Sign 0049,[LSA] I LIKE SIGN 0049
[LSA] This is Sign 0050,[LSA] THIS SIGN 0050
[LSA] Wait for Sign 0050,[LSA] WAIT FOR SIGN 0050
[LSA] Learn Sign 0050,[LSA] LEARN SIGN 0050
[LSA] Show me Sign 0051,[LSA] SHOW ME SIGN 0051
[LSA] Wait for Sign 0051,[LSA] WAIT FOR SIGN 0051
[LSA] I like Sign 0051,[LSA] I LIKE SIGN 0051
[LSA] What is Sign 0052?,[LSA] WHAT SIGN 0052?
[LSA] Repeat Sign 0052,[LSA] REPEAT SIGN 0052
[LSA] Show me Sign 0052,[LSA] SHOW ME SIGN 0052
[LSA] Translate Sign 0053,[LSA] TRANSLATE SIGN 0053
[LSA] Can you sign Sign 0053?,[LSA] CAN YOU SIGN SIGN 0053?
[LSA] What is Sign 0053?,[LSA] WHAT SIGN 0053?
[LSA] Repeat Sign 0054,[LSA] REPEAT SIGN 0054
[LSA] Wait for Sign 0054,[LSA] WAIT FOR SIGN 0054
[LSA] See Sign 0054,[LSA] SEE SIGN 0054
[LSA] Can you sign Sign 0055?,[LSA] CAN YOU SIGN SIGN 0055?
[LSA] What is Sign 0055?,[LSA] WHAT SIGN 0055?
[LSA] Repeat Sign 0055,[LSA] REPEAT SIGN 0055
[LSA] Learn Sign 0056,[LSA] LEARN SIGN 0056
[LSA] I like Sign 0056,[LSA] I LIKE SIGN 0056
[LSA] Translate Sign 0056,[LSA] TRANSLATE SIGN 0056
[LSA] This is Sign 0057,[LSA] THIS SIGN 0057
[LSA] Repeat Sign 0057,[LSA] REPEAT SIGN 0057
[LSA] Can you sign Sign 0057?,[LSA] CAN YOU SIGN SIGN 0057?
[LSA] Translate Sign 0058,[LSA] TRANSLATE SIGN 0058
[LSA] Can you sign Sign 0058?,[LSA] CAN YOU SIGN SIGN 0058?
[LSA] See Sign 0058,[LSA] SEE SIGN 0058
[LSA] What is Sign 0059?,[LSA] WHAT SIGN 0059?
[LSA] This is Sign 0059,[LSA] THIS SIGN 0059
[LSA] Learn Sign 0059,[LSA] LEARN SIGN 0059
[LSA] Translate Sign 0060,[LSA] TRANSLATE SIGN 0060
[LSA] Show me Sign 0060,[LSA] SHOW ME SIGN 0060
[LSA] This is Sign 0061,[LSA] THIS SIGN 0061
[LSA] I like Sign 0061,[LSA] I LIKE SIGN 0061
[LSA] Wait for Sign 0061,[LSA] WAIT FOR SIGN 0061
[LSA] This is Sign 0062,[LSA] THIS SIGN 0062
[LSA] See Sign 0062,[LSA] SEE SIGN 0062
[LSA] Can you sign Sign 0062?,[LSA] CAN YOU SIGN SIGN 0062?
[LSA] I like Sign 0063,[LSA] I LIKE SIGN 0063
[LSA] This is Sign 0063,[LSA] THIS SIGN 0063
[LSA] Wait for Sign 0063,[LSA] WAIT FOR SIGN 0063
[LSA] Learn Sign 0064,[LSA] LEARN SIGN 0064
[LSA] Repeat Sign 0064,[LSA] REPEAT SIGN 0064
[LSA] Show me Sign 0064,[LSA] SHOW ME SIGN 0064
[LSA] I like Sign 0065,[LSA] I LIKE SIGN 0065
[LSA] Translate Sign 0065,[LSA] TRANSLATE SIGN 0065
[LSA] This is Sign 0065,[LSA] THIS SIGN 0065
[LSA] I like Sign 0066,[LSA] I LIKE SIGN 0066
[LSA] Repeat Sign 0066,[LSA] REPEAT SIGN 0066
[LSA] What is Sign 0066?,[LSA] WHAT SIGN 0066?
[LSA] Translate Sign 0067,[LSA] TRANSLATE SIGN 0067
[LSA] Show me Sign 0067,[LSA] SHOW ME SIGN 0067
[LSA] Can you sign Sign 0067?,[LSA] CAN YOU SIGN SIGN 0067?
[LSA] Translate Sign 0068,[LSA] TRANSLATE SIGN 0068
[LSA] Show me Sign 0068,[LSA] SHOW ME SIGN 0068
[LSA] Wait for Sign 0068,[LSA] WAIT FOR SIGN 0068
[LSA] Learn Sign 0069,[LSA] LEARN SIGN 0069
[LSA] Can you sign Sign 0069?,[LSA] CAN YOU SIGN SIGN 0069?
[LSA] Show me Sign 0069,[LSA] SHOW ME SIGN 0069
[LSA] See Sign 0070,[LSA] SEE SIGN 0070
[LSA] Repeat Sign 0070,[LSA] REPEAT SIGN 0070
[LSA] Learn Sign 0071,[LSA] LEARN SIGN 0071
[LSA] Repeat Sign 0071,[LSA] REPEAT SIGN 0071
[LSA] I like Sign 0072,[LSA] I LIKE SIGN 0072
[LSA] See Sign 0072,[LSA] SEE SIGN 0072
[LSA] Can you sign Sign 0072?,[LSA] CAN YOU SIGN SIGN 0072?
[LSA] Learn Sign 0073,[LSA] LEARN SIGN 0073
[LSA] Repeat Sign 0073,[LSA] REPEAT SIGN 0073
[LSA] Show me Sign 0073,[LSA] SHOW ME SIGN 0073
[LSA] Show me Sign 0074,[LSA] SHOW ME SIGN 0074
[LSA] Learn Sign 0074,[LSA] LEARN SIGN 0074
[LSA] What is Sign 0074?,[LSA] WHAT SIGN 0074?
[LSA] Wait for Sign 0075,[LSA] WAIT FOR SIGN 0075
[LSA] I like Sign 0075,[LSA] I LIKE SIGN 0075
[LSA] Show me Sign 0075,[LSA] SHOW ME SIGN 0075
[LSA] I like Sign 0076,[LSA] I LIKE SIGN 0076
[LSA] What is Sign 0076?,[LSA] WHAT SIGN 0076?
[LSA] See Sign 0076,[LSA] SEE SIGN 0076
[LSA] I like Sign 0077,[LSA] I LIKE SIGN 0077
[LSA] Show me Sign 0077,[LSA] SHOW ME SIGN 0077
[LSA] See Sign 0077,[LSA] SEE SIGN 0077
[LSA] See Sign 0078,[LSA] SEE SIGN 0078
[LSA] Can you sign Sign 0078?,[LSA] CAN YOU SIGN SIGN 0078?
[LSA] Show me Sign 0078,[LSA] SHOW ME SIGN 0078
[LSA] Show me Sign 0079,[LSA] SHOW ME SIGN 0079
[LSA] This is Sign 0079,[LSA] THIS SIGN 0079
[LSA] Repeat Sign 0079,[LSA] REPEAT SIGN 0079
[LSA] This is Sign 0080,[LSA] THIS SIGN 0080
[LSA] I like Sign 0080,[LSA] I LIKE SIGN 0080
[LSA] Learn Sign 0080,[LSA] LEARN SIGN 0080
[LSA] Learn Sign 0081,[LSA] LEARN SIGN 0081
[LSA] Show me Sign 0081,[LSA] SHOW ME SIGN 0081
[LSA] Repeat Sign 0081,[LSA] REPEAT SIGN 0081
[LSA] See Sign 0082,[LSA] SEE SIGN 0082
[LSA] Learn Sign 0082,[LSA] LEARN SIGN 0082
[LSA] Can you sign Sign 0082?,[LSA] CAN YOU SIGN SIGN 0082?
[LSA] Learn Sign 0083,[LSA] LEARN SIGN 0083
[LSA] This is Sign 0083,[LSA] THIS SIGN 0083
[LSA] Repeat Sign 0083,[LSA] REPEAT SIGN 0083
[LSA] What is Sign 0084?,[LSA] WHAT SIGN 0084?
[LSA] I like Sign 0084,[LSA] I LIKE SIGN 0084
[LSA] Wait for Sign 0084,[LSA] WAIT FOR SIGN 0084
[LSA] Learn Sign 0085,[LSA] LEARN SIGN 0085
[LSA] What is Sign 0085?,[LSA] WHAT SIGN 0085?
[LSA] Translate Sign 0086,[LSA] TRANSLATE SIGN 0086
[LSA] Can you sign Sign 0086?,[LSA] CAN YOU SIGN SIGN 0086?
[LSA] Wait for Sign 0087,[LSA] WAIT FOR SIGN 0087
[LSA] This is Sign 0087,[LSA] THIS SIGN 0087
[LSA] What is Sign 0088?,[LSA] WHAT SIGN 0088?
[LSA] See Sign 0088,[LSA] SEE SIGN 0088
[LSA] See Sign 0089,[LSA] SEE SIGN 0089
[LSA] What is Sign 0089?,[LSA] WHAT SIGN 0089?
[LSA] Learn Sign 0089,[LSA] LEARN SIGN 0089
[LSA] Repeat Sign 0090,[LSA] REPEAT SIGN 0090
[LSA] Translate Sign 0090,[LSA] TRANSLATE SIGN 0090
[LSA] Learn Sign 0090,[LSA] LEARN SIGN 0090
[LSA] This is Sign 0091,[LSA] THIS SIGN 0091
[LSA] See Sign 0091,[LSA] SEE SIGN 0091
[LSA] Can you sign Sign 0091?,[LSA] CAN YOU SIGN SIGN 0091?
[LSA] Translate Sign 0092,[LSA] TRANSLATE SIGN 0092
[LSA] Can you sign Sign 0092?,[LSA] CAN YOU SIGN SIGN 0092?
[LSA] What is Sign 0093?,[LSA] WHAT SIGN 0093?
[LSA] This is Sign 0093,[LSA] THIS SIGN 0093
[LSA] Wait for Sign 0093,[LSA] WAIT FOR SIGN 0093
[LSA] Learn Sign 0094,[LSA] LEARN SIGN 0094
[LSA] This is Sign 0094,[LSA] THIS SIGN 0094
[LSA] Wait for Sign 0094,[LSA] WAIT FOR SIGN 0094
[LSA] Translate Sign 0095,[LSA] TRANSLATE SIGN 0095
[LSA] What is Sign 0095?,[LSA] WHAT SIGN 0095?
[LSA] Can you sign Sign 0096?,[LSA] CAN YOU SIGN SIGN 0096?
[LSA] I like Sign 0096,[LSA] I LIKE SIGN 0096
[LSA] What is Sign 0096?,[LSA] WHAT SIGN 0096?
[LSA] Wait for Sign 0097,[LSA] WAIT FOR SIGN 0097
[LSA] Translate Sign 0097,[LSA] TRANSLATE SIGN 0097
[LSA] Repeat Sign 0097,[LSA] REPEAT SIGN 0097
[LSA] What is Sign 0098?,[LSA] WHAT SIGN 0098?
[LSA] Repeat Sign 0098,[LSA] REPEAT SIGN 0098
[LSA] Show me Sign 0099,[LSA] SHOW ME SIGN 0099
[LSA] I like Sign 0099,[LSA] I LIKE SIGN 0099
[LSA] Can you sign Sign 0099?,[LSA] CAN YOU SIGN SIGN 0099?
[LSA] Wait for Sign 0000,[LSA] WAIT FOR SIGN 0000
[LSA] I like Sign 0000,[LSA] I LIKE SIGN 0000
[LSA] Translate Sign 0001,[LSA] TRANSLATE SIGN 0001
[LSA] What is Sign 0002?,[LSA] WHAT SIGN 0002?
[LSA] This is Sign 0002,[LSA] THIS SIGN 0002
[LSA] Translate Sign 0002,[LSA] TRANSLATE SIGN 0002
[LSA] Can you sign Sign 0003?,[LSA] CAN YOU SIGN SIGN 0003?
[LSA] Translate Sign 0003,[LSA] TRANSLATE SIGN 0003
[LSA] See Sign 0004,[LSA] SEE SIGN 0004
[LSA] Learn Sign 0005,[LSA] LEARN SIGN 0005
[LSA] Show me Sign 0005,[LSA] SHOW ME SIGN 0005
[LSA] See Sign 0005,[LSA] SEE SIGN 0005
[LSA] I like Sign 0006,[LSA] I LIKE SIGN 0006
[LSA] Repeat Sign 0007,[LSA] REPEAT SIGN 0007
[LSA] This is Sign 0008,[LSA] THIS SIGN 0008
[LSA] Show me Sign 0009,[LSA] SHOW ME SIGN 0009
[LSA] Learn Sign 0009,[LSA] LEARN SIGN 0009
[LSA] Translate Sign 0010,[LSA] TRANSLATE SIGN 0010
[LSA] Wait for Sign 0011,[LSA] WAIT FOR SIGN 0011
[LSA] Show me Sign 0011,[LSA] SHOW ME SIGN 0011
[LSA] Can you sign Sign 0012?,[LSA] CAN YOU SIGN SIGN 0012?
[LSA] I like Sign 0013,[LSA] I LIKE SIGN 0013
[LSA] Show me Sign 0014,[LSA] SHOW ME SIGN 0014
[LSA] Translate Sign 0014,[LSA] TRANSLATE SIGN 0014
[LSA] Wait for Sign 0014,[LSA] WAIT FOR SIGN 0014
[LSA] Learn Sign 0015,[LSA] LEARN SIGN 0015
[LSA] This is Sign 0015,[LSA] THIS SIGN 0015
[LSA] Show me Sign 0015,[LSA] SHOW ME SIGN 0015
[LSA] Translate Sign 0016,[LSA] TRANSLATE SIGN 0016
[LSA] Repeat Sign 0016,[LSA] REPEAT SIGN 0016
[LSA] Learn Sign 0017,[LSA] LEARN SIGN 0017
[LSA] Can you sign Sign 0017?,[LSA] CAN YOU SIGN SIGN 0017?
[LSA] This is Sign 0018,[LSA] THIS SIGN 0018
[LSA] What is Sign 0019?,[LSA] WHAT SIGN 0019?
[LSA] Can you sign Sign 0020?,[LSA] CAN YOU SIGN SIGN 0020?
[LSA] Can you sign Sign 0021?,[LSA] CAN YOU SIGN SIGN 0021?
[LSA] This is Sign 0021,[LSA] THIS SIGN 0021
[LSA] See Sign 0021,[LSA] SEE SIGN 0021
[LSA] Wait for Sign 0022,[LSA] WAIT FOR SIGN 0022
[LSA] I like Sign 0023,[LSA] I LIKE SIGN 0023
[LSA] Show me Sign 0023,[LSA] SHOW ME SIGN 0023
[LSA] Can you sign Sign 0024?,[LSA] CAN YOU SIGN SIGN 0024?
[LSA] Translate Sign 0025,[LSA] TRANSLATE SIGN 0025
[LSA] I like Sign 0025,[LSA] I LIKE SIGN 0025
[LSA] Show me Sign 0025,[LSA] SHOW ME SIGN 0025
[LSA] What is Sign 0026?,[LSA] WHAT SIGN 0026?
[LSA] Learn Sign 0026,[LSA] LEARN SIGN 0026
[LSA] What is Sign 0027?,[LSA] WHAT SIGN 0027?
[LSA] Show me Sign 0027,[LSA] SHOW ME SIGN 0027
[LSA] This is Sign 0028,[LSA] THIS SIGN 0028
[LSA] Repeat Sign 0029,[LSA] REPEAT SIGN 0029
[LSA] Can you sign Sign 0029?,[LSA] CAN YOU SIGN SIGN 0029?
[LSA] See Sign 0030,[LSA] SEE SIGN 0030
[LSA] I like Sign 0030,[LSA] I LIKE SIGN 0030
[LSA] Learn Sign 0031,[LSA] LEARN SIGN 0031
[LSA] I like Sign 0031,[LSA] I LIKE SIGN 0031
[LSA] Translate Sign 0032,[LSA] TRANSLATE SIGN 0032
[LSA] Show me Sign 0032,[LSA] SHOW ME SIGN 0032
[LSA] What is Sign 0032?,[LSA] WHAT SIGN 0032?
[LSA] Learn Sign 0033,[LSA] LEARN SIGN 0033
[LSA] See Sign 0033,[LSA] SEE SIGN 0033
[LSA] Can you sign Sign 0034?,[LSA] CAN YOU SIGN SIGN 0034?
[LSA] Learn Sign 0034,[LSA] LEARN SIGN 0034
[LSA] Learn Sign 0035,[LSA] LEARN SIGN 0035
[LSA] Wait for Sign 0035,[LSA] WAIT FOR SIGN 0035
[LSA] Can you sign Sign 0035?,[LSA] CAN YOU SIGN SIGN 0035?
[LSA] Learn Sign 0036,[LSA] LEARN SIGN 0036
[LSA] I like Sign 0036,[LSA] I LIKE SIGN 0036
[LSA] Show me Sign 0037,[LSA] SHOW ME SIGN 0037
[LSA] See Sign 0037,[LSA] SEE SIGN 0037
[LSA] Translate Sign 0037,[LSA] TRANSLATE SIGN 0037
[LSA] Wait for Sign 0038,[LSA] WAIT FOR SIGN 0038
[LSA] Can you sign Sign 0039?,[LSA] CAN YOU SIGN SIGN 0039?
[LSA] Show me Sign 0039,[LSA] SHOW ME SIGN 0039
[LSA] See Sign 0040,[LSA] SEE SIGN 0040
[LSA] Wait for Sign 0040,[LSA] WAIT FOR SIGN 0040
[LSA] Learn Sign 0041,[LSA] LEARN SIGN 0041
[LSA] Can you sign Sign 0041?,[LSA] CAN YOU SIGN SIGN 0041?
[LSA] Translate Sign 0042,[LSA] TRANSLATE SIGN 0042
[LSA] See Sign 0042,[LSA] SEE SIGN 0042
[LSA] Show me Sign 0043,[LSA] SHOW ME SIGN 0043
[LSA] I like Sign 0044,[LSA] I LIKE SIGN 0044
[LSA] Translate Sign 0044,[LSA] TRANSLATE SIGN 0044
[LSA] Repeat Sign 0045,[LSA] REPEAT SIGN 0045
[LSA] What is Sign 0045?,[LSA] WHAT SIGN 0045?
[LSA] Repeat Sign 0046,[LSA] REPEAT SIGN 0046
[LSA] Translate Sign 0046,[LSA] TRANSLATE SIGN 0046
[LSA] Can you sign Sign 0047?,[LSA] CAN YOU SIGN SIGN 0047?
[LSA] Repeat Sign 0048,[LSA] REPEAT SIGN 0048
[LSA] This is Sign 0048,[LSA] THIS SIGN 0048
[LSA] Learn Sign 0049,[LSA] LEARN SIGN 0049
[LSA] Wait for Sign 0049,[LSA] WAIT FOR SIGN 0049
[LSA] I like Sign 0050,[LSA] I LIKE SIGN 0050
[LSA] Show me Sign 0050,[LSA] SHOW ME SIGN 0050
[LSA] What is Sign 0051?,[LSA] WHAT SIGN 0051?
[LSA] See Sign 0052,[LSA] SEE SIGN 0052
[LSA] See Sign 0053,[LSA] SEE SIGN 0053
[LSA] Repeat Sign 0053,[LSA] REPEAT SIGN 0053
[LSA] This is Sign 0054,[LSA] THIS SIGN 0054
[LSA] Translate Sign 0054,[LSA] TRANSLATE SIGN 0054
[LSA] I like Sign 0055,[LSA] I LIKE SIGN 0055
[LSA] Translate Sign 0055,[LSA] TRANSLATE SIGN 0055
[LSA] What is Sign 0056?,[LSA] WHAT SIGN 0056?
[LSA] Repeat Sign 0056,[LSA] REPEAT SIGN 0056
[LSA] See Sign 0056,[LSA] SEE SIGN 0056
[LSA] I like Sign 0057,[LSA] I LIKE SIGN 0057
[LSA] Wait for Sign 0058,[LSA] WAIT FOR SIGN 0058
[LSA] What is Sign 0058?,[LSA] WHAT SIGN 0058?
[LSA] I like Sign 0059,[LSA] I LIKE SIGN 0059
[LSA] Translate Sign 0059,[LSA] TRANSLATE SIGN 0059
[LSA] See Sign 0059,[LSA] SEE SIGN 0059
[LSA] Wait for Sign 0060,[LSA] WAIT FOR SIGN 0060
[LSA] See Sign 0061,[LSA] SEE SIGN 0061
[LSA] Show me Sign 0061,[LSA] SHOW ME SIGN 0061
[LSA] What is Sign 0061?,[LSA] WHAT SIGN 0061?
[LSA] Show me Sign 0062,[LSA] SHOW ME SIGN 0062
[LSA] Translate Sign 0063,[LSA] TRANSLATE SIGN 0063
[LSA] Can you sign Sign 0063?,[LSA] CAN YOU SIGN SIGN 0063?
[LSA] Learn Sign 0063,[LSA] LEARN SIGN 0063
[LSA] Learn Sign 0065,[LSA] LEARN SIGN 0065
[LSA] Show me Sign 0065,[LSA] SHOW ME SIGN 0065
[LSA] See Sign 0065,[LSA] SEE SIGN 0065
[LSA] Show me Sign 0066,[LSA] SHOW ME SIGN 0066
[LSA] See Sign 0066,[LSA] SEE SIGN 0066
[LSA] Wait for Sign 0067,[LSA] WAIT FOR SIGN 0067
[LSA] See Sign 0067,[LSA] SEE SIGN 0067
[LSA] I like Sign 0068,[LSA] I LIKE SIGN 0068
[LSA] I like Sign 0069,[LSA] I LIKE SIGN 0069
[LSA] This is Sign 0069,[LSA] THIS SIGN 0069
[LSA] Can you sign Sign 0070?,[LSA] CAN YOU SIGN SIGN 0070?
[LSA] Learn Sign 0070,[LSA] LEARN SIGN 0070
[LSA] I like Sign 0070,[LSA] I LIKE SIGN 0070
[LSA] Translate Sign 0071,[LSA] TRANSLATE SIGN 0071
[LSA] I like Sign 0071,[LSA] I LIKE SIGN 0071
[LSA] Can you sign Sign 0073?,[LSA] CAN YOU SIGN SIGN 0073?
[LSA] Translate Sign 0073,[LSA] TRANSLATE SIGN 0073
[LSA] See Sign 0074,[LSA] SEE SIGN 0074
[LSA] Can you sign Sign 0075?,[LSA] CAN YOU SIGN SIGN 0075?
[LSA] See Sign 0075,[LSA] SEE SIGN 0075
[LSA] Wait for Sign 0076,[LSA] WAIT FOR SIGN 0076
[LSA] Translate Sign 0077,[LSA] TRANSLATE SIGN 0077
[LSA] Wait for Sign 0077,[LSA] WAIT FOR SIGN 0077
[LSA] Learn Sign 0077,[LSA] LEARN SIGN 0077
[LSA] I like Sign 0078,[LSA] I LIKE SIGN 0078
[LSA] Learn Sign 0078,[LSA] LEARN SIGN 0078
[LSA] I like Sign 0079,[LSA] I LIKE SIGN 0079
[LSA] Translate Sign 0079,[LSA] TRANSLATE SIGN 0079
[LSA] What is Sign 0080?,[LSA] WHAT SIGN 0080?
[LSA] This is Sign 0081,[LSA] THIS SIGN 0081
[LSA] Can you sign Sign 0081?,[LSA] CAN YOU SIGN SIGN 0081?
[LSA] Wait for Sign 0082,[LSA] WAIT FOR SIGN 0082
[LSA] What is Sign 0082?,[LSA] WHAT SIGN 0082?
[LSA] Show me Sign 0083,[LSA] SHOW ME SIGN 0083
[LSA] See Sign 0083,[LSA] SEE SIGN 0083
[LSA] See Sign 0084,[LSA] SEE SIGN 0084
[LSA] Can you sign Sign 0084?,[LSA] CAN YOU SIGN SIGN 0084?
[LSA] Repeat Sign 0085,[LSA] REPEAT SIGN 0085
[LSA] See Sign 0085,[LSA] SEE SIGN 0085
[LSA] I like Sign 0086,[LSA] I LIKE SIGN 0086
[LSA] Show me Sign 0086,[LSA] SHOW ME SIGN 0086
[LSA] See Sign 0086,[LSA] SEE SIGN 0086
[LSA] Learn Sign 0087,[LSA] LEARN SIGN 0087
[LSA] Learn Sign 0088,[LSA] LEARN SIGN 0088
[LSA] I like Sign 0089,[LSA] I LIKE SIGN 0089
[LSA] Show me Sign 0090,[LSA] SHOW ME SIGN 0090
[LSA] Can you sign Sign 0090?,[LSA] CAN YOU SIGN SIGN 0090?
[LSA] See Sign 0090,[LSA] SEE SIGN 0090
[LSA] Show me Sign 0091,[LSA] SHOW ME SIGN 0091
[LSA] Learn Sign 0091,[LSA] LEARN SIGN 0091
[LSA] Show me Sign 0092,[LSA] SHOW ME SIGN 0092
[LSA] Learn Sign 0092,[LSA] LEARN SIGN 0092
[LSA] Translate Sign 0093,[LSA] TRANSLATE SIGN 0093
[LSA] Repeat Sign 0093,[LSA] REPEAT SIGN 0093
[LSA] See Sign 0093,[LSA] SEE SIGN 0093
[LSA] Can you sign Sign 0094?,[LSA] CAN YOU SIGN SIGN 0094?
[LSA] This is Sign 0096,[LSA] THIS SIGN 0096
[LSA] Can you sign Sign 0097?,[LSA] CAN YOU SIGN SIGN 0097?
[LSA] I like Sign 0097,[LSA] I LIKE SIGN 0097
[LSA] Wait for Sign 0098,[LSA] WAIT FOR SIGN 0098
[LSA] Learn Sign 0098,[LSA] LEARN SIGN 0098
[LSA] What is Sign 0099?,[LSA] WHAT SIGN 0099?
[LSA] Learn Sign 0099,[LSA] LEARN SIGN 0099
[LSA] See Sign 0099,[LSA] SEE SIGN 0099
[LSA] This is Sign 0001,[LSA] THIS SIGN 0001
[LSA] See Sign 0001,[LSA] SEE SIGN 0001
[LSA] Repeat Sign 0002,[LSA] REPEAT SIGN 0002
[LSA] Show me Sign 0003,[LSA] SHOW ME SIGN 0003
[LSA] Wait for Sign 0003,[LSA] WAIT FOR SIGN 0003
[LSA] See Sign 0003,[LSA] SEE SIGN 0003
[LSA] Can you sign Sign 0004?,[LSA] CAN YOU SIGN SIGN 0004?
[LSA] Learn Sign 0004,[LSA] LEARN SIGN 0004
[LSA] See Sign 0006,[LSA] SEE SIGN 0006
[LSA] Show me Sign 0006,[LSA] SHOW ME SIGN 0006
[LSA] Translate Sign 0006,[LSA] TRANSLATE SIGN 0006
[LSA] Can you sign Sign 0007?,[LSA] CAN YOU SIGN SIGN 0007?
[LSA] Show me Sign 0008,[LSA] SHOW ME SIGN 0008
[LSA] What is Sign 0008?,[LSA] WHAT SIGN 0008?
[LSA] Wait for Sign 0008,[LSA] WAIT FOR SIGN 0008
[LSA] Translate Sign 0009,[LSA] TRANSLATE SIGN 0009
[LSA] What is Sign 0009?,[LSA] WHAT SIGN 0009?
[LSA] Wait for Sign 0010,[LSA] WAIT FOR SIGN 0010
[LSA] Can you sign Sign 0010?,[LSA] CAN YOU SIGN SIGN 0010?
[LSA] What is Sign 0010?,[LSA] WHAT SIGN 0010?
[LSA] I like Sign 0011,[LSA] I LIKE SIGN 0011
[LSA] What is Sign 0012?,[LSA] WHAT SIGN 0012?
[LSA] See Sign 0013,[LSA] SEE SIGN 0013
[LSA] Translate Sign 0013,[LSA] TRANSLATE SIGN 0013
[LSA] See Sign 0014,[LSA] SEE SIGN 0014
[LSA] What is Sign 0015?,[LSA] WHAT SIGN 0015?
[LSA] I like Sign 0016,[LSA] I LIKE SIGN 0016
[LSA] See Sign 0016,[LSA] SEE SIGN 0016
[LSA] Wait for Sign 0017,[LSA] WAIT FOR SIGN 0017
[LSA] Can you sign Sign 0019?,[LSA] CAN YOU SIGN SIGN 0019?
[LSA] What is Sign 0020?,[LSA] WHAT SIGN 0020?
[LSA] What is Sign 0022?,[LSA] WHAT SIGN 0022?
[LSA] Show me Sign 0022,[LSA] SHOW ME SIGN 0022
[LSA] Translate Sign 0023,[LSA] TRANSLATE SIGN 0023
[LSA] What is Sign 0024?,[LSA] WHAT SIGN 0024?
[LSA] See Sign 0024,[LSA] SEE SIGN 0024
[LSA] What is Sign 0025?,[LSA] WHAT SIGN 0025?
[LSA] Repeat Sign 0026,[LSA] REPEAT SIGN 0026
[LSA] Show me Sign 0026,[LSA] SHOW ME SIGN 0026
[LSA] This is Sign 0027,[LSA] THIS SIGN 0027
[LSA] I like Sign 0027,[LSA] I LIKE SIGN 0027
[LSA] Translate Sign 0029,[LSA] TRANSLATE SIGN 0029
[LSA] Learn Sign 0030,[LSA] LEARN SIGN 0030
[LSA] Wait for Sign 0030,[LSA] WAIT FOR SIGN 0030
[LSA] I like Sign 0033,[LSA] I LIKE SIGN 0033
[LSA] Show me Sign 0034,[LSA] SHOW ME SIGN 0034
[LSA] What is Sign 0034?,[LSA] WHAT SIGN 0034?
[LSA] Show me Sign 0035,[LSA] SHOW ME SIGN 0035
[LSA] Repeat Sign 0036,[LSA] REPEAT SIGN 0036
[LSA] I like Sign 0037,[LSA] I LIKE SIGN 0037
[LSA] Can you sign Sign 0038?,[LSA] CAN YOU SIGN SIGN 0038?
[LSA] I like Sign 0039,[LSA] I LIKE SIGN 0039
[LSA] Translate Sign 0039,[LSA] TRANSLATE SIGN 0039
[LSA] Repeat Sign 0040,[LSA] REPEAT SIGN 0040
[LSA] See Sign 0041,[LSA] SEE SIGN 0041
[LSA] Wait for Sign 0041,[LSA] WAIT FOR SIGN 0041
[LSA] Learn Sign 0042,[LSA] LEARN SIGN 0042
[LSA] I like Sign 0042,[LSA] I LIKE SIGN 0042
[LSA] I like Sign 0043,[LSA] I LIKE SIGN 0043
[LSA] Learn Sign 0043,[LSA] LEARN SIGN 0043
[LSA] Learn Sign 0044,[LSA] LEARN SIGN 0044
[LSA] See Sign 0044,[LSA] SEE SIGN 0044
[LSA] See Sign 0045,[LSA] SEE SIGN 0045
[LSA] Learn Sign 0045,[LSA] LEARN SIGN 0045
[LSA] Show me Sign 0046,[LSA] SHOW ME SIGN 0046
[LSA] Translate Sign 0047,[LSA] TRANSLATE SIGN 0047
[LSA] See Sign 0048,[LSA] SEE SIGN 0048
[LSA] This is Sign 0049,[LSA] THIS SIGN 0049
[LSA] Repeat Sign 0050,[LSA] REPEAT SIGN 0050
[LSA] Repeat Sign 0051,[LSA] REPEAT SIGN 0051
[LSA] Wait for Sign 0052,[LSA] WAIT FOR SIGN 0052
[LSA] I like Sign 0053,[LSA] I LIKE SIGN 0053
[LSA] Wait for Sign 0053,[LSA] WAIT FOR SIGN 0053
[LSA] Learn Sign 0053,[LSA] LEARN SIGN 0053
[LSA] Show me Sign 0054,[LSA] SHOW ME SIGN 0054
[LSA] Show me Sign 0055,[LSA] SHOW ME SIGN 0055
[LSA] Wait for Sign 0057,[LSA] WAIT FOR SIGN 0057
[LSA] Show me Sign 0057,[LSA] SHOW ME SIGN 0057
[LSA] Learn Sign 0058,[LSA] LEARN SIGN 0058
[LSA] I like Sign 0058,[LSA] I LIKE SIGN 0058
[LSA] Show me Sign 0059,[LSA] SHOW ME SIGN 0059
[LSA] Can you sign Sign 0059?,[LSA] CAN YOU SIGN SIGN 0059?
[LSA] I like Sign 0060,[LSA] I LIKE SIGN 0060
[LSA] Can you sign Sign 0060?,[LSA] CAN YOU SIGN SIGN 0060?
[LSA] Translate Sign 0061,[LSA] TRANSLATE SIGN 0061
[LSA] Learn Sign 0062,[LSA] LEARN SIGN 0062
[LSA] See Sign 0063,[LSA] SEE SIGN 0063
[LSA] This is Sign 0064,[LSA] THIS SIGN 0064
[LSA] Wait for Sign 0065,[LSA] WAIT FOR SIGN 0065
[LSA] What is Sign 0065?,[LSA] WHAT SIGN 0065?
[LSA] Learn Sign 0066,[LSA] LEARN SIGN 0066
[LSA] Wait for Sign 0066,[LSA] WAIT FOR SIGN 0066
[LSA] This is Sign 0067,[LSA] THIS SIGN 0067
[LSA] I like Sign 0067,[LSA] I LIKE SIGN 0067
[LSA] Can you sign Sign 0068?,[LSA] CAN YOU SIGN SIGN 0068?
[LSA] Repeat Sign 0068,[LSA] REPEAT SIGN 0068
[LSA] Translate Sign 0069,[LSA] TRANSLATE SIGN 0069
[LSA] Wait for Sign 0069,[LSA] WAIT FOR SIGN 0069
[LSA] Translate Sign 0070,[LSA] TRANSLATE SIGN 0070
[LSA] Show me Sign 0071,[LSA] SHOW ME SIGN 0071
[LSA] Show me Sign 0072,[LSA] SHOW ME SIGN 0072
[LSA] Learn Sign 0072,[LSA] LEARN SIGN 0072
[LSA] This is Sign 0073,[LSA] THIS SIGN 0073
[LSA] See Sign 0073,[LSA] SEE SIGN 0073
[LSA] Wait for Sign 0073,[LSA] WAIT FOR SIGN 0073
[LSA] Learn Sign 0075,[LSA] LEARN SIGN 0075
[LSA] Repeat Sign 0075,[LSA] REPEAT SIGN 0075
[LSA] Translate Sign 0076,[LSA] TRANSLATE SIGN 0076
[LSA] Learn Sign 0076,[LSA] LEARN SIGN 0076
[LSA] Can you sign Sign 0077?,[LSA] CAN YOU SIGN SIGN 0077?
[LSA] This is Sign 0077,[LSA] THIS SIGN 0077
[LSA] Repeat Sign 0078,[LSA] REPEAT SIGN 0078
[LSA] See Sign 0079,[LSA] SEE SIGN 0079
[LSA] See Sign 0080,[LSA] SEE SIGN 0080
[LSA] Wait for Sign 0080,[LSA] WAIT FOR SIGN 0080
[LSA] Translate Sign 0081,[LSA] TRANSLATE SIGN 0081
[LSA] Translate Sign 0082,[LSA] TRANSLATE SIGN 0082
[LSA] Repeat Sign 0082,[LSA] REPEAT SIGN 0082
[LSA] Wait for Sign 0083,[LSA] WAIT FOR SIGN 0083
[LSA] This is Sign 0084,[LSA] THIS SIGN 0084
[LSA] Show me Sign 0085,[LSA] SHOW ME SIGN 0085
[LSA] Learn Sign 0086,[LSA] LEARN SIGN 0086
[LSA] See Sign 0087,[LSA] SEE SIGN 0087
[LSA] What is Sign 0087?,[LSA] WHAT SIGN 0087?
[LSA] Show me Sign 0088,[LSA] SHOW ME SIGN 0088
[LSA] Show me Sign 0089,[LSA] SHOW ME SIGN 0089
[LSA] Wait for Sign 0089,[LSA] WAIT FOR SIGN 0089
[LSA] I like Sign 0091,[LSA] I LIKE SIGN 0091
[LSA] What is Sign 0092?,[LSA] WHAT SIGN 0092?
[LSA] Learn Sign 0093,[LSA] LEARN SIGN 0093
[LSA] Repeat Sign 0094,[LSA] REPEAT SIGN 0094
[LSA] Wait for Sign 0095,[LSA] WAIT FOR SIGN 0095
[LSA] See Sign 0095,[LSA] SEE SIGN 0095
[LSA] Repeat Sign 0096,[LSA] REPEAT SIGN 0096
[LSA] Learn Sign 0096,[LSA] LEARN SIGN 0096
[LSA] Show me Sign 0096,[LSA] SHOW ME SIGN 0096
[LSA] See Sign 0097,[LSA] SEE SIGN 0097
[LSA] This is Sign 0099,[LSA] THIS SIGN 0099
[LSA] Translate Sign 0099,[LSA] TRANSLATE SIGN 0099
[LSA] This is Sign 0000,[LSA] THIS SIGN 0000
[LSA] Show me Sign 0001,[LSA] SHOW ME SIGN 0001
[LSA] Show me Sign 0002,[LSA] SHOW ME SIGN 0002
[LSA] I like Sign 0004,[LSA] I LIKE SIGN 0004
[LSA] Can you sign Sign 0006?,[LSA] CAN YOU SIGN SIGN 0006?
[LSA] Show me Sign 0007,[LSA] SHOW ME SIGN 0007
[LSA] Wait for Sign 0007,[LSA] WAIT FOR SIGN 0007
[LSA] Can you sign Sign 0008?,[LSA] CAN YOU SIGN SIGN 0008?
[LSA] Repeat Sign 0009,[LSA] REPEAT SIGN 0009
[LSA] See Sign 0009,[LSA] SEE SIGN 0009
[LSA] I like Sign 0012,[LSA] I LIKE SIGN 0012
[LSA] Wait for Sign 0012,[LSA] WAIT FOR SIGN 0012
[LSA] Repeat Sign 0013,[LSA] REPEAT SIGN 0013
[LSA] What is Sign 0014?,[LSA] WHAT SIGN 0014?
[LSA] See Sign 0015,[LSA] SEE SIGN 0015
[LSA] Learn Sign 0016,[LSA] LEARN SIGN 0016
[LSA] This is Sign 0017,[LSA] THIS SIGN 0017
[LSA] Wait for Sign 0018,[LSA] WAIT FOR SIGN 0018
[LSA] See Sign 0019,[LSA] SEE SIGN 0019
[LSA] Translate Sign 0019,[LSA] TRANSLATE SIGN 0019
[LSA] Wait for Sign 0019,[LSA] WAIT FOR SIGN 0019
[LSA] See Sign 0020,[LSA] SEE SIGN 0020
[LSA] I like Sign 0020,[LSA] I LIKE SIGN 0020
[LSA] Repeat Sign 0021,[LSA] REPEAT SIGN 0021
[LSA] I like Sign 0021,[LSA] I LIKE SIGN 0021
[LSA] Translate Sign 0021,[LSA] TRANSLATE SIGN 0021
[LSA] I like Sign 0022,[LSA] I LIKE SIGN 0022
[LSA] This is Sign 0024,[LSA] THIS SIGN 0024
[LSA] Repeat Sign 0024,[LSA] REPEAT SIGN 0024
[LSA] Can you sign Sign 0025?,[LSA] CAN YOU SIGN SIGN 0025?
[LSA] I like Sign 0026,[LSA] I LIKE SIGN 0026
[LSA] Wait for Sign 0027,[LSA] WAIT FOR SIGN 0027
[LSA] See Sign 0027,[LSA] SEE SIGN 0027
[LSA] Wait for Sign 0028,[LSA] WAIT FOR SIGN 0028
[LSA] What is Sign 0029?,[LSA] WHAT SIGN 0029?
[LSA] See Sign 0029,[LSA] SEE SIGN 0029
[LSA] Show me Sign 0031,[LSA] SHOW ME SIGN 0031
[LSA] Translate Sign 0031,[LSA] TRANSLATE SIGN 0031
[LSA] Translate Sign 0033,[LSA] TRANSLATE SIGN 0033
[LSA] Can you sign Sign 0036?,[LSA] CAN YOU SIGN SIGN 0036?
[LSA] What is Sign 0037?,[LSA] WHAT SIGN 0037?
[LSA] Learn Sign 0038,[LSA] LEARN SIGN 0038
[LSA] This is Sign 0038,[LSA] THIS SIGN 0038
[LSA] See Sign 0038,[LSA] SEE SIGN 0038
[LSA] Repeat Sign 0039,[LSA] REPEAT SIGN 0039
[LSA] Show me Sign 0040,[LSA] SHOW ME SIGN 0040
[LSA] Show me Sign 0041,[LSA] SHOW ME SIGN 0041
[LSA] Translate Sign 0041,[LSA] TRANSLATE SIGN 0041
[LSA] Repeat Sign 0042,[LSA] REPEAT SIGN 0042
[LSA] Wait for Sign 0044,[LSA] WAIT FOR SIGN 0044
[LSA] Translate Sign 0045,[LSA] TRANSLATE SIGN 0045
[LSA] I like Sign 0046,[LSA] I LIKE SIGN 0046
[LSA] Can you sign Sign 0046?,[LSA] CAN YOU SIGN SIGN 0046?
[LSA] Show me Sign 0047,[LSA] SHOW ME SIGN 0047
[LSA] Wait for Sign 0047,[LSA] WAIT FOR SIGN 0047
[LSA] This is Sign 0047,[LSA] THIS SIGN 0047
[LSA] Show me Sign 0048,[LSA] SHOW ME SIGN 0048
[LSA] I like Sign 0048,[LSA] I LIKE SIGN 0048
[LSA] Can you sign Sign 0049?,[LSA] CAN YOU SIGN SIGN 0049?
[LSA] Translate Sign 0050,[LSA] TRANSLATE SIGN 0050
[LSA] Translate Sign 0051,[LSA] TRANSLATE SIGN 0051
[LSA] I like Sign 0052,[LSA] I LIKE SIGN 0052
[LSA] Can you sign Sign 0054?,[LSA] CAN YOU SIGN SIGN 0054?
[LSA] Learn Sign 0054,[LSA] LEARN SIGN 0054
[LSA] Learn Sign 0055,[LSA] LEARN SIGN 0055
[LSA] Show me Sign 0056,[LSA] SHOW ME SIGN 0056
[LSA] Learn Sign 0057,[LSA] LEARN SIGN 0057
[LSA] This is Sign 0058,[LSA] THIS SIGN 0058
[LSA] Can you sign Sign 0061?,[LSA] CAN YOU SIGN SIGN 0061?
[LSA] What is Sign 0062?,[LSA] WHAT SIGN 0062?
[LSA] I like Sign 0062,[LSA] I LIKE SIGN 0062
[LSA] Show me Sign 0063,[LSA] SHOW ME SIGN 0063
[LSA] This is Sign 0066,[LSA] THIS SIGN 0066
[LSA] Translate Sign 0066,[LSA] TRANSLATE SIGN 0066
[LSA] What is Sign 0067?,[LSA] WHAT SIGN 0067?
[LSA] Repeat Sign 0067,[LSA] REPEAT SIGN 0067
[LSA] What is Sign 0068?,[LSA] WHAT SIGN 0068?
[LSA] See Sign 0068,[LSA] SEE SIGN 0068
[LSA] See Sign 0069,[LSA] SEE SIGN 0069
[LSA] This is Sign 0070,[LSA] THIS SIGN 0070
[LSA] This is Sign 0072,[LSA] THIS SIGN 0072
[LSA] Wait for Sign 0072,[LSA] WAIT FOR SIGN 0072
[LSA] Repeat Sign 0074,[LSA] REPEAT SIGN 0074
[LSA] Can you sign Sign 0074?,[LSA] CAN YOU SIGN SIGN 0074?
[LSA] What is Sign 0075?,[LSA] WHAT SIGN 0075?
[LSA] This is Sign 0076,[LSA] THIS SIGN 0076
[LSA] Wait for Sign 0078,[LSA] WAIT FOR SIGN 0078
[LSA] Can you sign Sign 0079?,[LSA] CAN YOU SIGN SIGN 0079?
[LSA] What is Sign 0081?,[LSA] WHAT SIGN 0081?
[LSA] Wait for Sign 0081,[LSA] WAIT FOR SIGN 0081
[LSA] I like Sign 0082,[LSA] I LIKE SIGN 0082
[LSA] Learn Sign 0084,[LSA] LEARN SIGN 0084
[LSA] Wait for Sign 0085,[LSA] WAIT FOR SIGN 0085
[LSA] Wait for Sign 0086,[LSA] WAIT FOR SIGN 0086
[LSA] Translate Sign 0087,[LSA] TRANSLATE SIGN 0087
[LSA] Wait for Sign 0088,[LSA] WAIT FOR SIGN 0088
[LSA] Translate Sign 0088,[LSA] TRANSLATE SIGN 0088
[LSA] This is Sign 0090,[LSA] THIS SIGN 0090
[LSA] I like Sign 0090,[LSA] I LIKE SIGN 0090
[LSA] Wait for Sign 0092,[LSA] WAIT FOR SIGN 0092
[LSA] I like Sign 0092,[LSA] I LIKE SIGN 0092
[LSA] Translate Sign 0094,[LSA] TRANSLATE SIGN 0094
[LSA] I like Sign 0094,[LSA] I LIKE SIGN 0094
[LSA] See Sign 0096,[LSA] SEE SIGN 0096
[LSA] Learn Sign 0097,[LSA] LEARN SIGN 0097
[LSA] This is Sign 0098,[LSA] THIS SIGN 0098
[LSA] See Sign 0098,[LSA] SEE SIGN 0098
[LSA] Learn Sign 0000,[LSA] LEARN SIGN 0000
[LSA] Translate Sign 0000,[LSA] TRANSLATE SIGN 0000
[LSA] Repeat Sign 0000,[LSA] REPEAT SIGN 0000
[LSA] Learn Sign 0003,[LSA] LEARN SIGN 0003
[LSA] This is Sign 0012,[LSA] THIS SIGN 0012
[LSA] What is Sign 0016?,[LSA] WHAT SIGN 0016?
[LSA] Translate Sign 0018,[LSA] TRANSLATE SIGN 0018
[LSA] Repeat Sign 0018,[LSA] REPEAT SIGN 0018
[LSA] This is Sign 0020,[LSA] THIS SIGN 0020
[LSA] See Sign 0022,[LSA] SEE SIGN 0022
[LSA] Can you sign Sign 0026?,[LSA] CAN YOU SIGN SIGN 0026?
[LSA] See Sign 0026,[LSA] SEE SIGN 0026
[LSA] Show me Sign 0030,[LSA] SHOW ME SIGN 0030
[LSA] Wait for Sign 0031,[LSA] WAIT FOR SIGN 0031
[LSA] See Sign 0032,[LSA] SEE SIGN 0032
[LSA] Show me Sign 0033,[LSA] SHOW ME SIGN 0033
[LSA] Show me Sign 0036,[LSA] SHOW ME SIGN 0036
[LSA] Repeat Sign 0037,[LSA] REPEAT SIGN 0037
[LSA] What is Sign 0040?,[LSA] WHAT SIGN 0040?
[LSA] Show me Sign 0042,[LSA] SHOW ME SIGN 0042
[LSA] Show me Sign 0045,[LSA] SHOW ME SIGN 0045
[LSA] See Sign 0046,[LSA] SEE SIGN 0046
[LSA] Translate Sign 0048,[LSA] TRANSLATE SIGN 0048
[LSA] Can you sign Sign 0050?,[LSA] CAN YOU SIGN SIGN 0050?
[LSA] See Sign 0050,[LSA] SEE SIGN 0050
[LSA] What is Sign 0050?,[LSA] WHAT SIGN 0050?
[LSA] See Sign 0051,[LSA] SEE SIGN 0051
[LSA] Can you sign Sign 0051?,[LSA] CAN YOU SIGN SIGN 0051?
[LSA] This is Sign 0053,[LSA] THIS SIGN 0053
[LSA] This is Sign 0056,[LSA] THIS SIGN 0056
[LSA] Show me Sign 0058,[LSA] SHOW ME SIGN 0058
[LSA] Repeat Sign 0058,[LSA] REPEAT SIGN 0058
[LSA] Wait for Sign 0064,[LSA] WAIT FOR SIGN 0064
[LSA] See Sign 0064,[LSA] SEE SIGN 0064
[LSA] Repeat Sign 0065,[LSA] REPEAT SIGN 0065
[LSA] Learn Sign 0067,[LSA] LEARN SIGN 0067
[LSA] This is Sign 0068,[LSA] THIS SIGN 0068
[LSA] Learn Sign 0068,[LSA] LEARN SIGN 0068
[LSA] Wait for Sign 0070,[LSA] WAIT FOR SIGN 0070
[LSA] What is Sign 0071?,[LSA] WHAT SIGN 0071?
[LSA] Translate Sign 0072,[LSA] TRANSLATE SIGN 0072
[LSA] Translate Sign 0074,[LSA] TRANSLATE SIGN 0074
[LSA] This is Sign 0075,[LSA] THIS SIGN 0075
[LSA] Can you sign Sign 0076?,[LSA] CAN YOU SIGN SIGN 0076?
[LSA] What is Sign 0077?,[LSA] WHAT SIGN 0077?
[LSA] Translate Sign 0078,[LSA] TRANSLATE SIGN 0078
[LSA] This is Sign 0078,[LSA] THIS SIGN 0078
[LSA] Learn Sign 0079,[LSA] LEARN SIGN 0079
[LSA] Wait for Sign 0079,[LSA] WAIT FOR SIGN 0079
[LSA] Show me Sign 0080,[LSA] SHOW ME SIGN 0080
[LSA] Show me Sign 0084,[LSA] SHOW ME SIGN 0084
[LSA] Repeat Sign 0084,[LSA] REPEAT SIGN 0084
[LSA] Repeat Sign 0086,[LSA] REPEAT SIGN 0086
[LSA] This is Sign 0088,[LSA] THIS SIGN 0088
[LSA] Can you sign Sign 0089?,[LSA] CAN YOU SIGN SIGN 0089?
[LSA] Wait for Sign 0090,[LSA] WAIT FOR SIGN 0090
[LSA] I like Sign 0093,[LSA] I LIKE SIGN 0093
[LSA] This is Sign 0097,[LSA] THIS SIGN 0097
[LSA] Show me Sign 0097,[LSA] SHOW ME SIGN 0097
[LSA] Can you sign Sign 0098?,[LSA] CAN YOU SIGN SIGN 0098?
[LSA] Show me Sign 0098,[LSA] SHOW ME SIGN 0098
[LSA] Wait for Sign 0099,[LSA] WAIT FOR SIGN 0099
[LSA] Can you sign Sign 0002?,[LSA] CAN YOU SIGN SIGN 0002?
[LSA] What is Sign 0003?,[LSA] WHAT SIGN 0003?
[LSA] What is Sign 0007?,[LSA] WHAT SIGN 0007?
[LSA] This is Sign 0009,[LSA] THIS SIGN 0009
[LSA] I like Sign 0010,[LSA] I LIKE SIGN 0010
[LSA] What is Sign 0011?,[LSA] WHAT SIGN 0011?
[LSA] Learn Sign 0012,[LSA] LEARN SIGN 0012
[LSA] This is Sign 0013,[LSA] THIS SIGN 0013
[LSA] Show me Sign 0013,[LSA] SHOW ME SIGN 0013
[LSA] See Sign 0018,[LSA] SEE SIGN 0018
[LSA] Repeat Sign 0020,[LSA] REPEAT SIGN 0020
[LSA] Repeat Sign 0023,[LSA] REPEAT SIGN 0023
[LSA] See Sign 0025,[LSA] SEE SIGN 0025
[LSA] I like Sign 0028,[LSA] I LIKE SIGN 0028
[LSA] Repeat Sign 0028,[LSA] REPEAT SIGN 0028
[LSA] Can you sign Sign 0030?,[LSA] CAN YOU SIGN SIGN 0030?
[LSA] This is Sign 0031,[LSA] THIS SIGN 0031
[LSA] Wait for Sign 0033,[LSA] WAIT FOR SIGN 0033
[LSA] Translate Sign 0034,[LSA] TRANSLATE SIGN 0034
[LSA] Translate Sign 0035,[LSA] TRANSLATE SIGN 0035
[LSA] What is Sign 0036?,[LSA] WHAT SIGN 0036?
[LSA] Translate Sign 0038,[LSA] TRANSLATE SIGN 0038
[LSA] Translate Sign 0043,[LSA] TRANSLATE SIGN 0043
[LSA] Wait for Sign 0046,[LSA] WAIT FOR SIGN 0046
[LSA] What is Sign 0054?,[LSA] WHAT SIGN 0054?
[LSA] Translate Sign 0057,[LSA] TRANSLATE SIGN 0057
[LSA] Repeat Sign 0063,[LSA] REPEAT SIGN 0063
[LSA] What is Sign 0063?,[LSA] WHAT SIGN 0063?
[LSA] What is Sign 0064?,[LSA] WHAT SIGN 0064?
[LSA] Can you sign Sign 0071?,[LSA] CAN YOU SIGN SIGN 0071?
[LSA] Repeat Sign 0072,[LSA] REPEAT SIGN 0072
[LSA] What is Sign 0072?,[LSA] WHAT SIGN 0072?
[LSA] I like Sign 0073,[LSA] I LIKE SIGN 0073
[LSA] Repeat Sign 0076,[LSA] REPEAT SIGN 0076
[LSA] What is Sign 0079?,[LSA] WHAT SIGN 0079?
[LSA] This is Sign 0082,[LSA] THIS SIGN 0082
[LSA] What is Sign 0083?,[LSA] WHAT SIGN 0083?
[LSA] Translate Sign 0084,[LSA] TRANSLATE SIGN 0084
[LSA] Can you sign Sign 0085?,[LSA] CAN YOU SIGN SIGN 0085?
[LSA] This is Sign 0086,[LSA] THIS SIGN 0086
[LSA] Can you sign Sign 0088?,[LSA] CAN YOU SIGN SIGN 0088?
[LSA] This is Sign 0089,[LSA] THIS SIGN 0089
[LSA] Translate Sign 0091,[LSA] TRANSLATE SIGN 0091
[LSA] See Sign 0092,[LSA] SEE SIGN 0092
[LSA] Show me Sign 0093,[LSA] SHOW ME SIGN 0093
[LSA] Can you sign Sign 0093?,[LSA] CAN YOU SIGN SIGN 0093?
[LSA] Can you sign Sign 0095?,[LSA] CAN YOU SIGN SIGN 0095?
[LSA] What is Sign 0097?,[LSA] WHAT SIGN 0097?
[LSA] Show me Sign 0000,[LSA] SHOW ME SIGN 0000
[LSA] Can you sign Sign 0001?,[LSA] CAN YOU SIGN SIGN 0001?
[LSA] Learn Sign 0001,[LSA] LEARN SIGN 0001
[LSA] Translate Sign 0004,[LSA] TRANSLATE SIGN 0004
[LSA] Translate Sign 0015,[LSA] TRANSLATE SIGN 0015
[LSA] Show me Sign 0019,[LSA] SHOW ME SIGN 0019
[LSA] Repeat Sign 0025,[LSA] REPEAT SIGN 0025
[LSA] Wait for Sign 0029,[LSA] WAIT FOR SIGN 0029
[LSA] See Sign 0035,[LSA] SEE SIGN 0035
[LSA] Learn Sign 0037,[LSA] LEARN SIGN 0037
[LSA] This is Sign 0039,[LSA] THIS SIGN 0039
[LSA] See Sign 0043,[LSA] SEE SIGN 0043
[LSA] What is Sign 0049?,[LSA] WHAT SIGN 0049?
[LSA] This is Sign 0051,[LSA] THIS SIGN 0051
[LSA] I like Sign 0054,[LSA] I LIKE SIGN 0054
[LSA] Wait for Sign 0056,[LSA] WAIT FOR SIGN 0056
[LSA] Can you sign Sign 0056?,[LSA] CAN YOU SIGN SIGN 0056?
[LSA] See Sign 0060,[LSA] SEE SIGN 0060
[LSA] Learn Sign 0061,[LSA] LEARN SIGN 0061
[LSA] See Sign 0081,[LSA] SEE SIGN 0081
[LSA] Show me Sign 0087,[LSA] SHOW ME SIGN 0087
[LSA] Translate Sign 0089,[LSA] TRANSLATE SIGN 0089
[LSA] Repeat Sign 0091,[LSA] REPEAT SIGN 0091
[LSA] See Sign 0094,[LSA] SEE SIGN 0094
[LSA] I like Sign 0095,[LSA] I LIKE SIGN 0095
[LSA] Learn Sign 0002,[LSA] LEARN SIGN 0002
[LSA] Wait for Sign 0006,[LSA] WAIT FOR SIGN 0006
[LSA] Can you sign Sign 0011?,[LSA] CAN YOU SIGN SIGN 0011?
[LSA] Learn Sign 0014,[LSA] LEARN SIGN 0014
[LSA] Can you sign Sign 0018?,[LSA] CAN YOU SIGN SIGN 0018?
[LSA] This is Sign 0023,[LSA] THIS SIGN 0023
[LSA] I like Sign 0024,[LSA] I LIKE SIGN 0024
[LSA] Show me Sign 0024,[LSA] SHOW ME SIGN 0024
[LSA] I like Sign 0032,[LSA] I LIKE SIGN 0032
[LSA] See Sign 0034,[LSA] SEE SIGN 0034
[LSA] Repeat Sign 0034,[LSA] REPEAT SIGN 0034
[LSA] I like Sign 0040,[LSA] I LIKE SIGN 0040
[LSA] This is Sign 0040,[LSA] THIS SIGN 0040
[LSA] Show me Sign 0044,[LSA] SHOW ME SIGN 0044
[LSA] Can you sign Sign 0045?,[LSA] CAN YOU SIGN SIGN 0045?
[LSA] See Sign 0047,[LSA] SEE SIGN 0047
[LSA] Can you sign Sign 0048?,[LSA] CAN YOU SIGN SIGN 0048?
[LSA] This is Sign 0052,[LSA] THIS SIGN 0052
[LSA] See Sign 0055,[LSA] SEE SIGN 0055
[LSA] I like Sign 0074,[LSA] I LIKE SIGN 0074
[LSA] I like Sign 0081,[LSA] I LIKE SIGN 0081
[LSA] Show me Sign 0082,[LSA] SHOW ME SIGN 0082
[LSA] Learn Sign 0095,[LSA] LEARN SIGN 0095
[LSA] Wait for Sign 0001,[LSA] WAIT FOR SIGN 0001
[LSA] Repeat Sign 0010,[LSA] REPEAT SIGN 0010
[LSA] I like Sign 0014,[LSA] I LIKE SIGN 0014
[LSA] Show me Sign 0016,[LSA] SHOW ME SIGN 0016
[LSA] Show me Sign 0017,[LSA] SHOW ME SIGN 0017
[LSA] Translate Sign 0020,[LSA] TRANSLATE SIGN 0020
[LSA] Learn Sign 0028,[LSA] LEARN SIGN 0028
[LSA] I like Sign 0035,[LSA] I LIKE SIGN 0035
[LSA] Learn Sign 0039,[LSA] LEARN SIGN 0039
[LSA] What is Sign 0044?,[LSA] WHAT SIGN 0044?
[LSA] See Sign 0049,[LSA] SEE SIGN 0049
[LSA] Show me Sign 0053,[LSA] SHOW ME SIGN 0053
[LSA] Learn Sign 0060,[LSA] LEARN SIGN 0060
[LSA] Repeat Sign 0061,[LSA] REPEAT SIGN 0061
[LSA] What is Sign 0069?,[LSA] WHAT SIGN 0069?
[LSA] This is Sign 0071,[LSA] THIS SIGN 0071
[LSA] What is Sign 0073?,[LSA] WHAT SIGN 0073?
[LSA] Repeat Sign 0077,[LSA] REPEAT SIGN 0077
[LSA] This is Sign 0085,[LSA] THIS SIGN 0085
[LSA] Wait for Sign 0004,[LSA] WAIT FOR SIGN 0004
[LSA] See Sign 0008,[LSA] SEE SIGN 0008
[LSA] What is Sign 0017?,[LSA] WHAT SIGN 0017?
[LSA] Learn Sign 0023,[LSA] LEARN SIGN 0023
[LSA] This is Sign 0029,[LSA] THIS SIGN 0029
[LSA] Wait for Sign 0032,[LSA] WAIT FOR SIGN 0032
[LSA] Repeat Sign 0041,[LSA] REPEAT SIGN 0041
[LSA] This is Sign 0043,[LSA] THIS SIGN 0043
[LSA] Repeat Sign 0059,[LSA] REPEAT SIGN 0059
[LSA] Repeat Sign 0069,[LSA] REPEAT SIGN 0069
[LSA] Wait for Sign 0074,[LSA] WAIT FOR SIGN 0074
[LSA] Translate Sign 0096,[LSA] TRANSLATE SIGN 0096
[LSA] This is Sign 0010,[LSA] THIS SIGN 0010
[LSA] Translate Sign 0012,[LSA] TRANSLATE SIGN 0012
[LSA] Learn Sign 0019,[LSA] LEARN SIGN 0019
[LSA] What is Sign 0021?,[LSA] WHAT SIGN 0021?
[LSA] Learn Sign 0027,[LSA] LEARN SIGN 0027
[LSA] Translate Sign 0036,[LSA] TRANSLATE SIGN 0036
[LSA] This is Sign 0055,[LSA] THIS SIGN 0055
[LSA] Translate Sign 0083,[LSA] TRANSLATE SIGN 0083
[LSA] I like Sign 0088,[LSA] I LIKE SIGN 0088
[LSA] Wait for Sign 0096,[LSA] WAIT FOR SIGN 0096
[LSA] This is Sign 0030,[LSA] THIS SIGN 0030
[LSA] See Sign 0031,[LSA] SEE SIGN 0031
[LSA] Can you sign Sign 0043?,[LSA] CAN YOU SIGN SIGN 0043?
[LSA] Wait for Sign 0059,[LSA] WAIT FOR SIGN 0059
[LSA] Learn Sign 0022,[LSA] LEARN SIGN 0022
[LSA] What is Sign 0028?,[LSA] WHAT SIGN 0028?
[LSA] I like Sign 0038,[LSA] I LIKE SIGN 0038
[LSA] Translate Sign 0049,[LSA] TRANSLATE SIGN 0049
[LSA] What is Sign 0057?,[LSA] WHAT SIGN 0057?
[LSA] Can you sign Sign 0066?,[LSA] CAN YOU SIGN SIGN 0066?
[LSA] Show me Sign 0076,[LSA] SHOW ME SIGN 0076
[LSA] Learn Sign 0052,[LSA] LEARN SIGN 0052
[LSA] Translate Sign 0062,[LSA] TRANSLATE SIGN 0062
[LSA] Repeat Sign 0080,[LSA] REPEAT SIGN 0080
[LSA] Translate Sign 0080,[LSA] TRANSLATE SIGN 0080
[LSA] Repeat Sign 0017,[LSA] REPEAT SIGN 0017
[LSA] This is Sign 0095,[LSA] THIS SIGN 0095
[LSA] What is Sign 0006?,[LSA] WHAT SIGN 0006?
[LSA] This is Sign 0022,[LSA] THIS SIGN 0022
[LSA] Translate Sign 0085,[LSA] TRANSLATE SIGN 0085
[LSA] Repeat Sign 0092,[LSA] REPEAT SIGN 0092
